Energy (eV),Wavelength (nm),e1,e2,n,k
5.867289,211.341217,2.524677,0.001758,1.588923,0.000553
5.82344,212.932571,2.518626,0.001682,1.587018,0.00053
5.780241,214.523956,2.512788,0.00161,1.585178,0.000508
5.737676,216.115387,2.507151,0.001541,1.583399,0.000487
5.695733,217.706833,2.501708,0.001476,1.581679,0.000467
5.654397,219.29834,2.496447,0.001414,1.580015,0.000447
5.613657,220.889862,2.49136,0.001354,1.578404,0.000429
5.573499,222.481415,2.48644,0.001297,1.576845,0.000411
5.533911,224.072998,2.481678,0.001242,1.575334,0.000394
5.49488,225.664627,2.477067,0.00119,1.57387,0.000378
5.456395,227.256271,2.472601,0.00114,1.572451,0.000363
5.418444,228.847977,2.468272,0.001093,1.571074,0.000348
5.381018,230.439667,2.464075,0.001047,1.569737,0.000333
5.344104,232.031418,2.460005,0.001003,1.56844,0.00032
5.307692,233.623199,2.456055,0.000961,1.567181,0.000307
5.271772,235.215012,2.452221,0.000921,1.565957,0.000294
5.236335,236.806839,2.448498,0.000882,1.564768,0.000282
5.201371,238.398712,2.444881,0.000845,1.563612,0.00027
5.166869,239.990601,2.441366,0.000809,1.562487,0.000259
5.132822,241.58252,2.43795,0.000775,1.561393,0.000248
5.09922,243.174469,2.434627,0.000742,1.560329,0.000238
5.066054,244.766434,2.431396,0.00071,1.559293,0.000228
5.033317,246.358429,2.428251,0.00068,1.558285,0.000218
5.000999,247.95047,2.42519,0.000651,1.557302,0.000209
4.969093,249.542511,2.422209,0.000623,1.556345,0.0002
4.937592,251.134598,2.419306,0.000596,1.555412,0.000192
4.906486,252.726685,2.416478,0.00057,1.554502,0.000183
4.87577,254.318817,2.413722,0.000545,1.553616,0.000175
4.845435,255.910965,2.411035,0.000521,1.552751,0.000168
4.815475,257.503143,2.408416,0.000498,1.551907,0.00016
4.785883,259.095337,2.405861,0.000475,1.551084,0.000153
4.756652,260.687561,2.403368,0.000454,1.55028,0.000146
4.727775,262.279816,2.400936,0.000433,1.549495,0.00014
4.699246,263.872101,2.398562,0.000413,1.548729,0.000133
4.67106,265.464386,2.396244,0.000394,1.547981,0.000127
4.643209,267.056702,2.393981,0.000376,1.547249,0.000121
4.615688,268.649017,2.39177,0.000358,1.546535,0.000116
4.588491,270.241364,2.38961,0.000341,1.545836,0.00011
4.561612,271.83374,2.387499,0.000324,1.545153,0.000105
4.535046,273.426117,2.385436,0.000309,1.544486,0.0001
4.508787,275.018555,2.383419,0.000293,1.543833,0.000095
4.48283,276.610992,2.381447,0.000279,1.543194,0.00009
4.45717,278.20343,2.379519,0.000265,1.542569,0.000086
4.431802,279.795898,2.377632,0.000251,1.541957,0.000081
4.406721,281.388367,2.375786,0.000238,1.541358,0.000077
4.381921,282.980896,2.373979,0.000225,1.540772,0.000073
4.357399,284.573425,2.372211,0.000213,1.540198,0.000069
4.33315,286.165955,2.37048,0.000202,1.539636,0.000066
4.309169,287.758484,2.368785,0.000191,1.539086,0.000062
4.285452,289.351044,2.367125,0.00018,1.538546,0.000058
4.261994,290.943665,2.365499,0.00017,1.538018,0.000055
4.238791,292.536224,2.363906,0.00016,1.5375,0.000052
4.215839,294.128845,2.362345,0.00015,1.536992,0.000049
4.193135,295.721497,2.360816,0.000141,1.536495,0.000046
4.170673,297.314117,2.359317,0.000132,1.536007,0.000043
4.148451,298.906769,2.357847,0.000124,1.535528,0.00004
4.126463,300.499451,2.356406,0.000116,1.535059,0.000038
4.104708,302.092102,2.354993,0.000108,1.534599,0.000035
4.083181,303.684814,2.353607,0.000101,1.534147,0.000033
4.061878,305.277527,2.352247,0.000094,1.533704,0.000031
4.040796,306.870239,2.350914,0.000087,1.533269,0.000028
4.019931,308.462952,2.349605,0.000081,1.532842,0.000026
3.999282,310.055695,2.348321,0.000075,1.532423,0.000024
3.978842,311.648438,2.34706,0.000069,1.532012,0.000023
3.958611,313.24118,2.345823,0.000064,1.531608,0.000021
3.938584,314.833954,2.344608,0.000058,1.531211,0.000019
3.918759,316.426727,2.343415,0.000053,1.530822,0.000017
3.899132,318.019501,2.342244,0.000049,1.530439,0.000016
3.8797,319.612305,2.341094,0.000044,1.530063,0.000014
3.860462,321.205109,2.339964,0.00004,1.529694,0.000013
3.841413,322.797913,2.338854,0.000036,1.529331,0.000012
3.822551,324.390686,2.337763,0.000032,1.528975,0.000011
3.803873,325.983521,2.336691,0.000029,1.528624,0.000009
3.785377,327.576355,2.335638,0.000026,1.52828,0.000008
3.76706,329.169189,2.334603,0.000023,1.527941,0.000007
3.748919,330.762024,2.333586,0.00002,1.527608,0.000006
3.730952,332.354858,2.332585,0.000017,1.52728,0.000006
3.713156,333.947693,2.331602,0.000015,1.526958,0.000005
3.695529,335.540558,2.330635,0.000013,1.526642,0.000004
3.678069,337.133392,2.329684,0.000011,1.52633,0.000003
3.660773,338.726257,2.328748,0.000009,1.526024,0.000003
3.643639,340.319092,2.327828,0.000007,1.525722,0.000002
3.626665,341.911957,2.326923,0.000006,1.525426,0.000002
3.609848,343.504822,2.326033,0.000004,1.525134,0.000001
3.593186,345.097687,2.325157,0.000003,1.524846,0.000001
3.576677,346.690552,2.324295,0.000002,1.524564,0.000001
3.560319,348.283386,2.323446,0.000001,1.524286,0
3.54411,349.876282,2.322611,0.000001,1.524012,0
3.528048,351.469147,2.32179,0,1.523742,0
3.512131,353.061981,2.320981,0,1.523477,0
3.496357,354.654846,2.320185,0,1.523215,0
3.480724,356.247742,2.319401,0,1.522958,0
3.46523,357.840576,2.318629,0,1.522705,0
3.449874,359.433411,2.317869,0,1.522455,0
3.434653,361.026306,2.317121,0,1.522209,0
3.419566,362.619141,2.316384,0,1.521967,0
3.404611,364.211975,2.315658,0,1.521729,0
3.389786,365.80484,2.314943,0,1.521494,0
3.375089,367.397675,2.314239,0,1.521262,0
3.36052,368.990509,2.313545,0,1.521034,0
3.346076,370.583313,2.31286,0,1.520809,0
3.331756,372.176147,2.312186,0,1.520588,0
3.317557,373.768982,2.311522,0,1.520369,0
3.303479,375.361786,2.310867,0,1.520154,0
3.289521,376.95459,2.310222,0,1.519941,0
3.27568,378.547394,2.309586,0,1.519732,0
3.261955,380.140198,2.308958,0,1.519526,0
3.248344,381.732971,2.30834,0,1.519322,0
3.234847,383.325745,2.30773,0,1.519121,0
3.221461,384.918518,2.307128,0,1.518923,0
3.208186,386.511261,2.306535,0,1.518728,0
3.19502,388.104004,2.30595,0,1.518536,0
3.181961,389.696747,2.305373,0,1.518346,0
3.169009,391.28949,2.304804,0,1.518158,0
3.156162,392.882202,2.304243,0,1.517973,0
3.143419,394.474915,2.303689,0,1.517791,0
3.130779,396.067596,2.303142,0,1.517611,0
3.11824,397.660278,2.302603,0,1.517433,0
3.1058,399.25296,2.30207,0,1.517257,0
3.09346,400.845612,2.301545,0,1.517084,0
3.081218,402.438232,2.301027,0,1.516913,0
3.069072,404.030884,2.300515,0,1.516745,0
3.057022,405.623474,2.300009,0,1.516578,0
3.045066,407.216095,2.299511,0,1.516414,0
3.033204,408.808655,2.299019,0,1.516252,0
3.021433,410.401276,2.298533,0,1.516091,0
3.009754,411.993805,2.298053,0,1.515933,0
2.998165,413.586334,2.297579,0,1.515777,0
2.986665,415.178864,2.297111,0,1.515622,0
2.975252,416.771393,2.296649,0,1.51547,0
2.963927,418.363861,2.296192,0,1.515319,0
2.952688,419.95636,2.295742,0,1.51517,0
2.941534,421.548767,2.295296,0,1.515024,0
2.930464,423.141205,2.294857,0,1.514878,0
2.919477,424.733643,2.294422,0,1.514735,0
2.908572,426.326019,2.293993,0,1.514593,0
2.897749,427.918396,2.293569,0,1.514453,0
2.887006,429.510803,2.293149,0,1.514315,0
2.876342,431.103119,2.292735,0,1.514178,0
2.865757,432.695404,2.292326,0,1.514043,0
2.85525,434.287689,2.291922,0,1.513909,0
2.84482,435.879974,2.291522,0,1.513777,0
2.834466,437.472229,2.291127,0,1.513647,0
2.824187,439.064453,2.290737,0,1.513518,0
2.813982,440.656677,2.290351,0,1.513391,0
2.803851,442.24884,2.289969,0,1.513264,0
2.793793,443.841003,2.289592,0,1.51314,0
2.783807,445.433167,2.289219,0,1.513017,0
2.773893,447.025238,2.288851,0,1.512895,0
2.764048,448.61734,2.288486,0,1.512774,0
2.754274,450.209381,2.288126,0,1.512655,0
2.744569,451.801422,2.287769,0,1.512537,0
2.734932,453.393402,2.287417,0,1.512421,0
2.725362,454.985413,2.287068,0,1.512306,0
2.71586,456.577332,2.286724,0,1.512192,0
2.706423,458.169281,2.286383,0,1.512079,0
2.697052,459.761169,2.286045,0,1.511967,0
2.687747,461.353027,2.285712,0,1.511857,0
2.678505,462.944885,2.285382,0,1.511748,0
2.669326,464.536713,2.285055,0,1.51164,0
2.660211,466.128479,2.284732,0,1.511533,0
2.651158,467.720215,2.284413,0,1.511427,0
2.642166,469.311951,2.284096,0,1.511323,0
2.633235,470.903656,2.283784,0,1.511219,0
2.624365,472.4953,2.283474,0,1.511117,0
2.615554,474.086914,2.283168,0,1.511016,0
2.606803,475.678528,2.282865,0,1.510915,0
2.598109,477.270111,2.282565,0,1.510816,0
2.589475,478.861633,2.282268,0,1.510718,0
2.580897,480.453125,2.281974,0,1.51062,0
2.572376,482.044586,2.281683,0,1.510524,0
2.563911,483.636047,2.281395,0,1.510429,0
2.555503,485.227386,2.28111,0,1.510334,0
2.547149,486.818787,2.280828,0,1.510241,0
2.53885,488.410095,2.280548,0,1.510148,0
2.530605,490.001404,2.280272,0,1.510057,0
2.522414,491.592621,2.279998,0,1.509966,0
2.514275,493.183899,2.279727,0,1.509876,0
2.506189,494.775055,2.279458,0,1.509788,0
2.498156,496.366211,2.279192,0,1.509699,0
2.490174,497.957275,2.278929,0,1.509612,0
2.482242,499.548401,2.278668,0,1.509526,0
2.474361,501.139404,2.27841,0,1.50944,0
2.466531,502.730377,2.278155,0,1.509356,0
2.45875,504.32135,2.277901,0,1.509272,0
2.451018,505.912262,2.277651,0,1.509189,0
2.443335,507.503113,2.277402,0,1.509106,0
2.4357,509.093933,2.277156,0,1.509025,0
2.428112,510.684753,2.276912,0,1.508944,0
2.420573,512.275513,2.27667,0,1.508864,0
2.41308,513.866211,2.276431,0,1.508785,0
2.405633,515.456909,2.276194,0,1.508706,0
2.398232,517.047485,2.275959,0,1.508628,0
2.390877,518.638062,2.275727,0,1.508551,0
2.383568,520.228638,2.275496,0,1.508475,0
2.376302,521.819092,2.275268,0,1.508399,0
2.369082,523.409546,2.275041,0,1.508324,0
2.361905,524.999939,2.274817,0,1.50825,0
2.354772,526.590332,2.274594,0,1.508176,0
2.347682,528.180603,2.274374,0,1.508103,0
2.340634,529.770874,2.274156,0,1.50803,0
2.333629,531.361145,2.273939,0,1.507959,0
2.326667,532.951294,2.273725,0,1.507887,0
2.319746,534.541382,2.273512,0,1.507817,0
2.312865,536.13147,2.273301,0,1.507747,0
2.306026,537.721558,2.273092,0,1.507678,0
2.299228,539.311523,2.272885,0,1.507609,0
2.292469,540.901489,2.27268,0,1.507541,0
2.285751,542.491333,2.272476,0,1.507473,0
2.279072,544.081177,2.272274,0,1.507406,0
2.272432,545.671021,2.272074,0,1.50734,0
2.265831,547.260681,2.271875,0,1.507274,0
2.259268,548.850403,2.271679,0,1.507209,0
2.252743,550.440063,2.271484,0,1.507144,0
2.246256,552.029663,2.27129,0,1.50708,0
2.239807,553.619141,2.271098,0,1.507016,0
2.233395,555.208618,2.270908,0,1.506953,0
2.227019,556.798035,2.270719,0,1.506891,0
2.22068,558.387451,2.270532,0,1.506829,0
2.214378,559.976746,2.270346,0,1.506767,0
2.208111,561.56604,2.270162,0,1.506706,0
2.20188,563.155212,2.26998,0,1.506645,0
2.195684,564.744385,2.269799,0,1.506585,0
2.189523,566.333496,2.269619,0,1.506526,0
2.183396,567.922546,2.269441,0,1.506466,0
2.177305,569.511536,2.269264,0,1.506408,0
2.171247,571.100464,2.269089,0,1.506349,0
2.165223,572.689331,2.268915,0,1.506292,0
2.159232,574.278198,2.268742,0,1.506234,0
2.153275,575.866943,2.268571,0,1.506178,0
2.147351,577.455688,2.268401,0,1.506121,0
2.14146,579.044312,2.268232,0,1.506065,0
2.135601,580.632874,2.268065,0,1.50601,0
2.129774,582.221375,2.267899,0,1.505955,0
2.123979,583.809875,2.267734,0,1.5059,0
2.118216,585.398315,2.267571,0,1.505846,0
2.112484,586.986633,2.267408,0,1.505792,0
2.106784,588.57489,2.267247,0,1.505738,0
2.101114,590.163147,2.267088,0,1.505685,0
2.095475,591.751343,2.266929,0,1.505632,0
2.089866,593.339417,2.266772,0,1.50558,0
2.084288,594.927429,2.266615,0,1.505528,0
2.078739,596.515442,2.26646,0,1.505477,0
2.07322,598.103394,2.266306,0,1.505426,0
2.067731,599.691223,2.266154,0,1.505375,0
2.062271,601.278992,2.266002,0,1.505325,0
2.056839,602.866699,2.265851,0,1.505275,0
2.051437,604.454407,2.265702,0,1.505225,0
2.046063,606.041931,2.265554,0,1.505176,0
2.040717,607.629517,2.265406,0,1.505127,0
2.0354,609.216919,2.26526,0,1.505078,0
2.03011,610.804321,2.265115,0,1.50503,0
2.024848,612.391663,2.264971,0,1.504982,0
2.019613,613.978943,2.264827,0,1.504934,0
2.014406,615.566101,2.264685,0,1.504887,0
2.009225,617.153259,2.264544,0.000001,1.50484,0
2.004072,618.740295,2.264404,0.000001,1.504794,0
1.998945,620.327271,2.264265,0.000001,1.504747,0
1.993844,621.914185,2.264127,0.000001,1.504701,0
1.98877,623.501099,2.263989,0.000001,1.504656,0
1.983721,625.08783,2.263853,0.000001,1.504611,0
1.978698,626.674561,2.263717,0.000001,1.504566,0
1.973701,628.261169,2.263583,0.000001,1.504521,0
1.96873,629.847778,2.263449,0.000001,1.504476,0
1.963783,631.434204,2.263317,0.000001,1.504432,0
1.958862,633.02063,2.263185,0.000001,1.504389,0
1.953965,634.606995,2.263054,0.000001,1.504345,0
1.949093,636.193237,2.262924,0.000001,1.504302,0
1.944246,637.779419,2.262795,0.000001,1.504259,0
1.939422,639.365601,2.262666,0.000001,1.504216,0
1.934623,640.95166,2.262539,0.000001,1.504174,0
1.929848,642.537659,2.262412,0.000001,1.504132,0
1.925097,644.123535,2.262287,0.000001,1.50409,0
1.920369,645.709351,2.262161,0.000001,1.504048,0
1.915664,647.295105,2.262037,0.000001,1.504007,0
1.910983,648.880737,2.261914,0.000001,1.503966,0
1.906325,650.46637,2.261791,0.000001,1.503925,0
1.901689,652.05188,2.26167,0.000001,1.503885,0
1.897076,653.637329,2.261549,0.000001,1.503845,0
1.892486,655.222717,2.261428,0.000001,1.503805,0
1.887918,656.807983,2.261309,0.000001,1.503765,0
1.883373,658.393188,2.26119,0.000001,1.503725,0
1.87885,659.978333,2.261072,0.000001,1.503686,0
1.874348,661.563354,2.260954,0.000001,1.503647,0
1.869868,663.148315,2.260838,0.000001,1.503608,0
1.86541,664.733276,2.260722,0.000001,1.50357,0
1.860973,666.318054,2.260607,0.000001,1.503531,0
1.856558,667.902771,2.260492,0.000001,1.503493,0
1.852163,669.487427,2.260379,0.000001,1.503456,0
1.84779,671.07196,2.260266,0.000001,1.503418,0
1.843437,672.656433,2.260153,0.000001,1.503381,0
1.839105,674.240845,2.260041,0.000001,1.503343,0
1.834794,675.825195,2.25993,0.000001,1.503307,0
1.830503,677.409424,2.25982,0.000001,1.50327,0
1.826232,678.99353,2.25971,0.000001,1.503233,0
1.821982,680.577637,2.259601,0.000001,1.503197,0
1.817751,682.16156,2.259493,0.000002,1.503161,0.000001
1.81354,683.745483,2.259385,0.000002,1.503125,0.000001
1.809349,685.329285,2.259278,0.000002,1.503089,0.000001
1.805178,686.913025,2.259171,0.000002,1.503054,0.000001
1.801026,688.496643,2.259065,0.000002,1.503019,0.000001
1.796893,690.0802,2.25896,0.000002,1.502984,0.000001
1.792779,691.663696,2.258855,0.000002,1.502949,0.000001
1.788684,693.247009,2.25875,0.000002,1.502914,0.000001
1.784608,694.830322,2.258647,0.000002,1.50288,0.000001
1.780551,696.413513,2.258544,0.000002,1.502845,0.000001
1.776513,697.996643,2.258441,0.000002,1.502811,0.000001
1.772493,699.579651,2.25834,0.000002,1.502777,0.000001
1.768492,701.162537,2.258238,0.000002,1.502744,0.000001
1.764508,702.745422,2.258137,0.000002,1.50271,0.000001
1.760543,704.328125,2.258037,0.000002,1.502677,0.000001
1.756596,705.910767,2.257938,0.000002,1.502644,0.000001
1.752667,707.493347,2.257838,0.000002,1.502611,0.000001
1.748755,709.075806,2.25774,0.000002,1.502578,0.000001
1.744861,710.658203,2.257642,0.000002,1.502545,0.000001
1.740985,712.24054,2.257545,0.000002,1.502513,0.000001
1.737126,713.822693,2.257447,0.000002,1.50248,0.000001
1.733284,715.404785,2.257351,0.000002,1.502448,0.000001
1.72946,716.986816,2.257255,0.000002,1.502416,0.000001
1.725653,718.568726,2.257159,0.000002,1.502385,0.000001
1.721862,720.150513,2.257065,0.000002,1.502353,0.000001
1.718089,721.7323,2.25697,0.000002,1.502322,0.000001
1.714332,723.313904,2.256876,0.000003,1.50229,0.000001
1.710592,724.895386,2.256783,0.000003,1.502259,0.000001
1.706868,726.476868,2.25669,0.000003,1.502228,0.000001
1.703161,728.058228,2.256597,0.000003,1.502197,0.000001
1.699469,729.639465,2.256505,0.000003,1.502167,0.000001
1.695795,731.220581,2.256413,0.000003,1.502136,0.000001
1.692136,732.801636,2.256322,0.000003,1.502106,0.000001
1.688493,734.382568,2.256232,0.000003,1.502076,0.000001
1.684866,735.96344,2.256141,0.000003,1.502046,0.000001
1.681255,737.544189,2.256052,0.000003,1.502016,0.000001
1.67766,739.124878,2.255962,0.000003,1.501986,0.000001
1.67408,740.705383,2.255873,0.000003,1.501957,0.000001
1.670516,742.285828,2.255785,0.000003,1.501927,0.000001
1.666966,743.866211,2.255697,0.000003,1.501898,0.000001
1.663433,745.446411,2.255609,0.000003,1.501869,0.000001
1.659914,747.02655,2.255522,0.000003,1.50184,0.000001
1.656411,748.606628,2.255435,0.000003,1.501811,0.000001
1.652922,750.186584,2.255349,0.000003,1.501782,0.000001
1.649449,751.766418,2.255263,0.000003,1.501753,0.000001
1.64599,753.34613,2.255178,0.000003,1.501725,0.000001
1.642546,754.925781,2.255093,0.000003,1.501697,0.000001
1.639116,756.50531,2.255008,0.000003,1.501668,0.000001
1.635701,758.084717,2.254924,0.000003,1.50164,0.000001
1.6323,759.664063,2.25484,0.000004,1.501612,0.000001
1.628914,761.243286,2.254756,0.000004,1.501585,0.000001
1.625542,762.822388,2.254673,0.000004,1.501557,0.000001
1.622184,764.401367,2.25459,0.000004,1.501529,0.000001
1.618841,765.980286,2.254508,0.000004,1.501502,0.000001
1.615511,767.559082,2.254426,0.000004,1.501474,0.000001
1.612195,769.137756,2.254344,0.000004,1.501447,0.000001
1.608893,770.71637,2.254263,0.000004,1.50142,0.000001
1.605604,772.2948,2.254182,0.000004,1.501393,0.000001
1.60233,773.873169,2.254101,0.000004,1.501366,0.000001
1.599069,775.451416,2.254021,0.000004,1.50134,0.000001
1.595821,777.029541,2.253941,0.000004,1.501313,0.000001
1.592587,778.607544,2.253862,0.000004,1.501287,0.000001
1.589366,780.185486,2.253783,0.000004,1.50126,0.000001
1.586158,781.763306,2.253704,0.000004,1.501234,0.000001
1.582963,783.341003,2.253625,0.000004,1.501208,0.000001
1.579782,784.918579,2.253547,0.000004,1.501182,0.000001
1.576613,786.496094,2.253469,0.000004,1.501156,0.000001
1.573457,788.073425,2.253392,0.000004,1.50113,0.000001
1.570315,789.650696,2.253315,0.000004,1.501105,0.000001
1.567184,791.227844,2.253238,0.000004,1.501079,0.000001
1.564067,792.80481,2.253161,0.000005,1.501053,0.000002
1.560962,794.381714,2.253085,0.000005,1.501028,0.000002
1.55787,795.958557,2.25301,0.000005,1.501003,0.000002
1.55479,797.535278,2.252934,0.000005,1.500978,0.000002
1.551723,799.111816,2.252859,0.000005,1.500953,0.000002
1.548668,800.688293,2.252784,0.000005,1.500928,0.000002
1.545625,802.264587,2.252709,0.000005,1.500903,0.000002
1.542594,803.84082,2.252635,0.000005,1.500878,0.000002
1.539575,805.416931,2.252561,0.000005,1.500853,0.000002
1.536569,806.99292,2.252487,0.000005,1.500829,0.000002
1.533574,808.568726,2.252414,0.000005,1.500804,0.000002
1.530591,810.144531,2.252341,0.000005,1.50078,0.000002
1.52762,811.720154,2.252268,0.000005,1.500756,0.000002
1.524661,813.295654,2.252195,0.000005,1.500732,0.000002
1.521713,814.871033,2.252123,0.000005,1.500707,0.000002
1.518777,816.44635,2.252051,0.000005,1.500683,0.000002
1.515853,818.021484,2.251979,0.000005,1.50066,0.000002
1.51294,819.596497,2.251908,0.000005,1.500636,0.000002
1.510038,821.171509,2.251837,0.000005,1.500612,0.000002
1.507148,822.746216,2.251765,0.000005,1.500588,0.000002
1.504269,824.320923,2.251695,0.000006,1.500565,0.000002
1.501401,825.895508,2.251625,0.000006,1.500541,0.000002
1.498544,827.46991,2.251554,0.000006,1.500518,0.000002
1.495698,829.04425,2.251485,0.000006,1.500495,0.000002
1.492864,830.618347,2.251415,0.000006,1.500472,0.000002
1.49004,832.192505,2.251346,0.000006,1.500448,0.000002
1.487227,833.766418,2.251276,0.000006,1.500425,0.000002
1.484425,835.340149,2.251208,0.000006,1.500403,0.000002
1.481634,836.913879,2.251139,0.000006,1.50038,0.000002
1.478853,838.487427,2.251071,0.000006,1.500357,0.000002
1.476084,840.060852,2.251003,0.000006,1.500334,0.000002
1.473324,841.634155,2.250935,0.000006,1.500312,0.000002
1.470575,843.207336,2.250867,0.000006,1.500289,0.000002
1.467837,844.780396,2.2508,0.000006,1.500267,0.000002
1.465109,846.353333,2.250733,0.000006,1.500244,0.000002
1.462391,847.926147,2.250666,0.000006,1.500222,0.000002
1.459684,849.49884,2.250599,0.000006,1.5002,0.000002
1.456987,851.071411,2.250533,0.000006,1.500178,0.000002
1.4543,852.643738,2.250467,0.000006,1.500156,0.000002
1.451623,854.216003,2.250401,0.000006,1.500134,0.000002
1.448957,855.788208,2.250335,0.000006,1.500112,0.000002
1.4463,857.360229,2.250269,0.000007,1.50009,0.000002
1.443653,858.932129,2.250204,0.000007,1.500068,0.000002
1.441016,860.503906,2.250139,0.000007,1.500046,0.000002
1.438389,862.0755,2.250074,0.000007,1.500025,0.000002
1.435772,863.646973,2.250009,0.000007,1.500003,0.000002
1.433164,865.218384,2.249945,0.000007,1.499982,0.000002
1.430566,866.789673,2.249881,0.000007,1.49996,0.000002
1.427978,868.360718,2.249817,0.000007,1.499939,0.000002
1.425399,869.931763,2.249753,0.000007,1.499918,0.000002
1.42283,871.502563,2.249689,0.000007,1.499896,0.000002
1.42027,873.073242,2.249626,0.000007,1.499875,0.000002
1.41772,874.64386,2.249563,0.000007,1.499854,0.000002
1.415179,876.214233,2.2495,0.000007,1.499833,0.000002
1.412647,877.784546,2.249437,0.000007,1.499812,0.000002
1.410125,879.354675,2.249374,0.000007,1.499791,0.000002
1.407612,880.924683,2.249312,0.000007,1.499771,0.000002
1.405108,882.494629,2.249249,0.000007,1.49975,0.000002
1.402613,884.064331,2.249187,0.000007,1.499729,0.000002
1.400127,885.633972,2.249125,0.000007,1.499708,0.000002
1.39765,887.20343,2.249064,0.000007,1.499688,0.000002
1.395182,888.772766,2.249002,0.000007,1.499667,0.000002
1.392723,890.34198,2.248941,0.000007,1.499647,0.000002
1.390273,891.911011,2.24888,0.000007,1.499627,0.000002
1.387832,893.47998,2.248819,0.000008,1.499606,0.000003
1.385399,895.048706,2.248758,0.000008,1.499586,0.000003
1.382976,896.617371,2.248698,0.000008,1.499566,0.000003
1.380561,898.185913,2.248637,0.000008,1.499546,0.000003
1.378154,899.754272,2.248577,0.000008,1.499526,0.000003
1.375756,901.322449,2.248517,0.000008,1.499506,0.000003
1.373367,902.890503,2.248457,0.000008,1.499486,0.000003
1.370986,904.458496,2.248397,0.000008,1.499466,0.000003
1.368614,906.026245,2.248338,0.000008,1.499446,0.000003
1.36625,907.593933,2.248278,0.000008,1.499426,0.000003
1.363894,909.161438,2.248219,0.000008,1.499406,0.000003
1.361547,910.728821,2.24816,0.000008,1.499387,0.000003
1.359208,912.296021,2.248101,0.000008,1.499367,0.000003
1.356877,913.863098,2.248043,0.000008,1.499347,0.000003
1.354555,915.429993,2.247984,0.000008,1.499328,0.000003
1.35224,916.996765,2.247926,0.000008,1.499308,0.000003
1.349934,918.563354,2.247867,0.000008,1.499289,0.000003
1.347636,920.129883,2.247809,0.000008,1.49927,0.000003
1.345345,921.696289,2.247751,0.000008,1.49925,0.000003
1.343063,923.26239,2.247694,0.000008,1.499231,0.000003
1.340789,924.828491,2.247636,0.000008,1.499212,0.000003
1.338523,926.394409,2.247578,0.000008,1.499193,0.000003
1.336264,927.960144,2.247521,0.000008,1.499173,0.000003
1.334014,929.525757,2.247464,0.000008,1.499154,0.000003
1.331771,931.091187,2.247407,0.000008,1.499135,0.000003
1.329535,932.656555,2.24735,0.000008,1.499116,0.000003
1.327308,934.22168,2.247293,0.000009,1.499097,0.000003
1.325088,935.786621,2.247236,0.000009,1.499079,0.000003
1.322876,937.35144,2.24718,0.000009,1.49906,0.000003
1.320672,938.916199,2.247124,0.000009,1.499041,0.000003
1.318475,940.480774,2.247068,0.000009,1.499022,0.000003
1.316285,942.045105,2.247011,0.000009,1.499004,0.000003
1.314103,943.609375,2.246956,0.000009,1.498985,0.000003
1.311928,945.173523,2.2469,0.000009,1.498966,0.000003
1.309761,946.737427,2.246844,0.000009,1.498948,0.000003
1.307601,948.301147,2.246789,0.000009,1.498929,0.000003
1.305449,949.864868,2.246733,0.000009,1.498911,0.000003
1.303304,951.428345,2.246678,0.000009,1.498892,0.000003
1.301166,952.991577,2.246623,0.000009,1.498874,0.000003
1.299035,954.55481,2.246568,0.000009,1.498856,0.000003
1.296911,956.117798,2.246513,0.000009,1.498837,0.000003
1.294795,957.680664,2.246459,0.000009,1.498819,0.000003
1.292686,959.243347,2.246404,0.000009,1.498801,0.000003
1.290583,960.805969,2.246349,0.000009,1.498783,0.000003
1.288488,962.368286,2.246295,0.000009,1.498765,0.000003
1.2864,963.930542,2.246241,0.000009,1.498746,0.000003
1.284319,965.492554,2.246187,0.000009,1.498728,0.000003
1.282244,967.054504,2.246133,0.000009,1.49871,0.000003
1.280177,968.616211,2.246079,0.000009,1.498692,0.000003
1.278116,970.177856,2.246025,0.000009,1.498674,0.000003
1.276062,971.739258,2.245971,0.000009,1.498657,0.000003
1.274016,973.300476,2.245918,0.000009,1.498639,0.000003
1.271975,974.861633,2.245864,0.000009,1.498621,0.000003
1.269942,976.422546,2.245811,0.000009,1.498603,0.000003
1.267915,977.983398,2.245758,0.000009,1.498585,0.000003
1.265895,979.544067,2.245705,0.000009,1.498568,0.000003
1.263882,981.104492,2.245652,0.000009,1.49855,0.000003
1.261875,982.664734,2.245599,0.000009,1.498532,0.000003
1.259875,984.224915,2.245546,0.000009,1.498515,0.000003
1.257881,985.784851,2.245494,0.00001,1.498497,0.000003
1.255894,987.344727,2.245441,0.00001,1.49848,0.000003
1.253913,988.904297,2.245389,0.00001,1.498462,0.000003
1.251939,990.463745,2.245337,0.00001,1.498445,0.000003
1.249971,992.023132,2.245284,0.00001,1.498427,0.000003
1.248009,993.582336,2.245232,0.00001,1.49841,0.000003
1.246054,995.141296,2.24518,0.00001,1.498393,0.000003
1.244105,996.700073,2.245128,0.00001,1.498375,0.000003
1.242163,998.258667,2.245076,0.00001,1.498358,0.000003
1.240227,999.8172,2.245025,0.00001,1.498341,0.000003
1.223788,1013.247437,2.244583,0.00001,1.498193,0.000003
1.219735,1016.613953,2.244473,0.00001,1.498157,0.000003
1.215708,1019.981628,2.244364,0.00001,1.49812,0.000003
1.211706,1023.350586,2.244255,0.00001,1.498084,0.000003
1.207729,1026.720581,2.244147,0.00001,1.498048,0.000003
1.203776,1030.091797,2.244038,0.00001,1.498011,0.000003
1.199848,1033.464111,2.24393,0.00001,1.497975,0.000003
1.195944,1036.837646,2.243823,0.00001,1.497939,0.000003
1.192064,1040.21228,2.243715,0.00001,1.497904,0.000003
1.188208,1043.588135,2.243608,0.00001,1.497868,0.000003
1.184376,1046.964966,2.243502,0.00001,1.497832,0.000003
1.180567,1050.342896,2.243395,0.00001,1.497797,0.000003
1.176781,1053.721924,2.243289,0.00001,1.497761,0.000003
1.173018,1057.102051,2.243183,0.00001,1.497726,0.000003
1.169278,1060.483154,2.243078,0.00001,1.497691,0.000004
1.165561,1063.865479,2.242972,0.000011,1.497656,0.000004
1.161866,1067.248779,2.242867,0.000011,1.497621,0.000004
1.158193,1070.633057,2.242763,0.000011,1.497586,0.000004
1.154542,1074.018555,2.242658,0.000011,1.497551,0.000004
1.150914,1077.405029,2.242554,0.000011,1.497516,0.000004
1.147306,1080.792358,2.24245,0.000011,1.497481,0.000004
1.143721,1084.180908,2.242346,0.000011,1.497447,0.000004
1.140156,1087.570313,2.242243,0.000011,1.497412,0.000004
1.136613,1090.960693,2.242139,0.000011,1.497377,0.000004
1.13309,1094.352173,2.242036,0.000011,1.497343,0.000004
1.129589,1097.744507,2.241933,0.000011,1.497309,0.000004
1.126108,1101.137939,2.241831,0.000011,1.497274,0.000004
1.122647,1104.532104,2.241728,0.000011,1.49724,0.000004
1.119207,1107.927368,2.241626,0.000011,1.497206,0.000004
1.115787,1111.323486,2.241524,0.000011,1.497172,0.000004
1.112386,1114.720581,2.241422,0.000011,1.497138,0.000004
1.109006,1118.118652,2.24132,0.000011,1.497104,0.000004
1.105645,1121.517578,2.241219,0.000011,1.49707,0.000004
1.102303,1124.917358,2.241118,0.000011,1.497036,0.000004
1.098981,1128.318115,2.241017,0.000011,1.497002,0.000004
1.095678,1131.719604,2.240916,0.000011,1.496969,0.000004
1.092394,1135.12207,2.240815,0.000011,1.496935,0.000004
1.089128,1138.525391,2.240714,0.000011,1.496902,0.000004
1.085881,1141.929443,2.240614,0.000011,1.496868,0.000004
1.082653,1145.334473,2.240514,0.000011,1.496835,0.000004
1.079443,1148.740356,2.240413,0.000011,1.496801,0.000004
1.076252,1152.146973,2.240314,0.000011,1.496768,0.000004
1.073078,1155.554443,2.240214,0.000011,1.496734,0.000004
1.069922,1158.962646,2.240114,0.000011,1.496701,0.000004
1.066784,1162.371826,2.240014,0.000011,1.496668,0.000004
1.063664,1165.781616,2.239915,0.000011,1.496634,0.000004
1.060561,1169.192139,2.239815,0.000011,1.496601,0.000004
1.057476,1172.603638,2.239716,0.000011,1.496568,0.000004
1.054408,1176.015747,2.239617,0.000011,1.496535,0.000004
1.051357,1179.428589,2.239518,0.000011,1.496502,0.000004
1.048322,1182.842163,2.239419,0.000011,1.496469,0.000004
1.045305,1186.256592,2.239321,0.000011,1.496436,0.000004
1.042304,1189.671631,2.239222,0.000011,1.496403,0.000004
1.03932,1193.087402,2.239124,0.000011,1.49637,0.000004
1.036353,1196.503906,2.239025,0.000011,1.496337,0.000004
1.033401,1199.921143,2.238927,0.000011,1.496304,0.000004
1.030466,1203.338989,2.238829,0.000011,1.496272,0.000004
1.027547,1206.757568,2.23873,0.000011,1.496239,0.000004
1.024644,1210.176636,2.238632,0.000011,1.496206,0.000004
1.021756,1213.596558,2.238534,0.000011,1.496173,0.000004
1.018885,1217.016968,2.238436,0.000011,1.496141,0.000004
1.016029,1220.438232,2.238339,0.000011,1.496108,0.000004
1.013188,1223.859985,2.238241,0.000011,1.496075,0.000004
1.010363,1227.282349,2.238143,0.000011,1.496042,0.000004
1.007552,1230.705322,2.238046,0.000011,1.49601,0.000004
1.004757,1234.128906,2.237948,0.000011,1.495977,0.000004
1.001977,1237.552979,2.237851,0.000011,1.495945,0.000004
0.999212,1240.977783,2.237753,0.000011,1.495912,0.000004
0.996462,1244.403076,2.237656,0.000011,1.49588,0.000004
0.993726,1247.828979,2.237559,0.000011,1.495847,0.000004
0.991005,1251.255493,2.237461,0.000011,1.495815,0.000004
0.988298,1254.682373,2.237364,0.000011,1.495782,0.000004
0.985605,1258.109985,2.237267,0.000011,1.49575,0.000004
0.982927,1261.537964,2.23717,0.000011,1.495717,0.000004
0.980263,1264.966553,2.237073,0.000011,1.495685,0.000004
0.977613,1268.39563,2.236976,0.000011,1.495652,0.000004
0.974977,1271.825195,2.236879,0.000011,1.49562,0.000004
0.972354,1275.255249,2.236782,0.000011,1.495587,0.000004
0.969746,1278.685791,2.236685,0.000011,1.495555,0.000004
0.967151,1282.116821,2.236588,0.000011,1.495523,0.000004
0.964569,1285.548218,2.236491,0.000011,1.49549,0.000004
0.962001,1288.980225,2.236394,0.000011,1.495458,0.000004
0.959446,1292.412476,2.236297,0.000011,1.495425,0.000004
0.956904,1295.845337,2.236201,0.000011,1.495393,0.000004
0.954376,1299.278564,2.236104,0.000011,1.495361,0.000004
0.95186,1302.712158,2.236007,0.000011,1.495328,0.000004
0.949358,1306.14624,2.23591,0.000011,1.495296,0.000004
0.946868,1309.580566,2.235813,0.000011,1.495264,0.000004
0.944391,1313.015381,2.235717,0.000011,1.495231,0.000004
0.941927,1316.450562,2.23562,0.000011,1.495199,0.000004
0.939475,1319.886108,2.235523,0.000011,1.495167,0.000004
0.937036,1323.322021,2.235426,0.000011,1.495134,0.000004
0.934609,1326.758301,2.23533,0.000011,1.495102,0.000004
0.932194,1330.194824,2.235233,0.000011,1.49507,0.000004
0.929792,1333.631836,2.235136,0.00001,1.495037,0.000004
0.927402,1337.069092,2.235039,0.00001,1.495005,0.000003
0.925023,1340.506592,2.234943,0.00001,1.494972,0.000003
0.922657,1343.944458,2.234846,0.00001,1.49494,0.000003
0.920303,1347.382568,2.234749,0.00001,1.494908,0.000003
0.91796,1350.821045,2.234653,0.00001,1.494875,0.000003
0.915629,1354.259766,2.234556,0.00001,1.494843,0.000003
0.91331,1357.69873,2.234459,0.00001,1.494811,0.000003
0.911002,1361.137939,2.234362,0.00001,1.494778,0.000003
0.908706,1364.577393,2.234265,0.00001,1.494746,0.000003
0.906421,1368.017212,2.234168,0.00001,1.494713,0.000003
0.904148,1371.457153,2.234071,0.00001,1.494681,0.000003
0.901886,1374.897217,2.233974,0.00001,1.494649,0.000003
0.899634,1378.337646,2.233877,0.00001,1.494616,0.000003
0.897394,1381.778198,2.233781,0.00001,1.494584,0.000003
0.895165,1385.218994,2.233684,0.00001,1.494551,0.000003
0.892947,1388.659912,2.233587,0.00001,1.494519,0.000003
0.89074,1392.101074,2.23349,0.00001,1.494486,0.000003
0.888543,1395.542236,2.233392,0.00001,1.494454,0.000003
0.886358,1398.983765,2.233295,0.00001,1.494421,0.000003
0.884183,1402.425293,2.233198,0.00001,1.494389,0.000003
0.882018,1405.867065,2.233101,0.00001,1.494356,0.000003
0.879864,1409.308838,2.233004,0.00001,1.494324,0.000003
0.87772,1412.750854,2.232906,0.00001,1.494291,0.000003
0.875587,1416.192871,2.232809,0.00001,1.494259,0.000003
0.873464,1419.63501,2.232712,0.00001,1.494226,0.000003
0.871351,1423.077393,2.232614,0.00001,1.494193,0.000003
0.869248,1426.519653,2.232517,0.00001,1.494161,0.000003
0.867156,1429.962036,2.232419,0.00001,1.494128,0.000003
0.865073,1433.404541,2.232322,0.00001,1.494096,0.000003
0.863001,1436.846924,2.232224,0.00001,1.494063,0.000003
0.860938,1440.289551,2.232126,0.00001,1.49403,0.000003
0.858885,1443.732178,2.232028,0.00001,1.493998,0.000003
0.856842,1447.174805,2.231931,0.00001,1.493965,0.000003
0.854808,1450.617432,2.231833,0.00001,1.493932,0.000003
0.852785,1454.060059,2.231735,0.00001,1.493899,0.000003
0.85077,1457.502686,2.231637,0.00001,1.493867,0.000003
0.848765,1460.945313,2.231539,0.00001,1.493834,0.000003
0.84677,1464.387939,2.231441,0.00001,1.493801,0.000003
0.844784,1467.830444,2.231343,0.00001,1.493768,0.000003
0.842808,1471.272949,2.231245,0.00001,1.493735,0.000003
0.84084,1474.715454,2.231147,0.00001,1.493702,0.000003
0.838882,1478.157837,2.231048,0.000009,1.493669,0.000003
0.836933,1481.60022,2.23095,0.000009,1.493636,0.000003
0.834993,1485.04248,2.230851,0.000009,1.493603,0.000003
0.833062,1488.484619,2.230753,0.000009,1.49357,0.000003
0.83114,1491.926636,2.230654,0.000009,1.493538,0.000003
0.829227,1495.368652,2.230556,0.000009,1.493505,0.000003
0.827323,1498.810547,2.230457,0.000009,1.493471,0.000003
0.825427,1502.252197,2.230358,0.000009,1.493438,0.000003
0.823541,1505.693848,2.230259,0.000009,1.493405,0.000003
0.821663,1509.135376,2.23016,0.000009,1.493372,0.000003
0.819793,1512.57666,2.230061,0.000009,1.493339,0.000003
0.817932,1516.017822,2.229962,0.000009,1.493306,0.000003
0.81608,1519.45874,2.229863,0.000009,1.493273,0.000003
0.814236,1522.899536,2.229764,0.000009,1.493239,0.000003
0.812401,1526.340088,2.229664,0.000009,1.493206,0.000003
0.810574,1529.780518,2.229565,0.000009,1.493173,0.000003
0.808755,1533.220703,2.229465,0.000009,1.49314,0.000003
0.806945,1536.660767,2.229366,0.000009,1.493106,0.000003
0.805142,1540.100464,2.229266,0.000009,1.493073,0.000003
0.803348,1543.539917,2.229167,0.000009,1.493039,0.000003
0.801562,1546.979248,2.229067,0.000009,1.493006,0.000003
0.799784,1550.418213,2.228967,0.000009,1.492972,0.000003
0.798014,1553.857056,2.228867,0.000009,1.492939,0.000003
0.796252,1557.295532,2.228767,0.000009,1.492905,0.000003
0.794498,1560.733643,2.228667,0.000009,1.492872,0.000003
0.792752,1564.171631,2.228566,0.000009,1.492838,0.000003
0.791013,1567.609131,2.228466,0.000009,1.492805,0.000003
0.789283,1571.046509,2.228366,0.000009,1.492771,0.000003
0.78756,1574.483521,2.228265,0.000009,1.492737,0.000003
0.785845,1577.920166,2.228164,0.000009,1.492704,0.000003
0.784137,1581.356445,2.228064,0.000009,1.49267,0.000003
0.782437,1584.792358,2.227963,0.000009,1.492636,0.000003
0.780744,1588.227905,2.227862,0.000009,1.492602,0.000003
0.779059,1591.663208,2.227761,0.000009,1.492569,0.000003
0.777382,1595.098022,2.22766,0.000009,1.492535,0.000003
0.775711,1598.532471,2.227559,0.000009,1.492501,0.000003
0.774049,1601.966553,2.227458,0.000009,1.492467,0.000003
0.772393,1605.400269,2.227356,0.000008,1.492433,0.000003
0.770745,1608.833618,2.227255,0.000008,1.492399,0.000003
0.769104,1612.266357,2.227153,0.000008,1.492365,0.000003
0.76747,1615.698853,2.227052,0.000008,1.492331,0.000003
0.765843,1619.130859,2.22695,0.000008,1.492297,0.000003
0.764223,1622.562378,2.226848,0.000008,1.492263,0.000003
0.762611,1625.993408,2.226746,0.000008,1.492229,0.000003
0.761005,1629.424072,2.226644,0.000008,1.492194,0.000003
0.759406,1632.854248,2.226542,0.000008,1.49216,0.000003
0.757815,1636.283813,2.22644,0.000008,1.492126,0.000003
0.75623,1639.712891,2.226337,0.000008,1.492092,0.000003
0.754652,1643.141602,2.226235,0.000008,1.492057,0.000003
0.753081,1646.569702,2.226132,0.000008,1.492023,0.000003
0.751516,1649.997314,2.22603,0.000008,1.491989,0.000003
0.749959,1653.424438,2.225927,0.000008,1.491954,0.000003
0.748408,1656.850952,2.225824,0.000008,1.49192,0.000003
0.746863,1660.276978,2.225721,0.000008,1.491885,0.000003
0.745326,1663.702393,2.225618,0.000008,1.491851,0.000003
0.743795,1667.127197,2.225515,0.000008,1.491816,0.000003
0.74227,1670.551392,2.225412,0.000008,1.491781,0.000003
0.740752,1673.974976,2.225308,0.000008,1.491747,0.000003
0.73924,1677.398071,2.225205,0.000008,1.491712,0.000003
0.737735,1680.820557,2.225101,0.000008,1.491677,0.000003
0.736236,1684.242432,2.224998,0.000008,1.491643,0.000003
0.734744,1687.663696,2.224894,0.000008,1.491608,0.000003
