,Photon Energy (eV),e1,e2,N,n,k
62,3.999282,5.103476027,8.569725838,(2.745699027514839+1.56057269062576j),2.745699028,1.560572691
63,3.978842,5.243853521,8.524674802,(2.7615443146324163+1.5434615256526063j),2.761544315,1.543461526
64,3.958611,5.380551354,8.474840661,(2.7766112219468067+1.5261122252955381j),2.776611222,1.526112225
65,3.938584,5.513330899,8.420678679,(2.790909516933211+1.5085904125277505j),2.790909517,1.508590413
66,3.918759,5.641997737,8.362665769,(2.8044542268837165+1.4909613587788269j),2.804454227,1.490961359
67,3.899132,5.766435497,8.30127852,(2.8172688089947315+1.4732847808433203j),2.817268809,1.473284781
68,3.8797,5.886585192,8.236992457,(2.829382450167401+1.455616658746466j),2.82938245,1.455616659
69,3.860462,6.002438031,8.170277839,(2.8408289682268695+1.4380094561239203j),2.840828968,1.438009456
70,3.841413,6.114068566,8.101570644,(2.8516496527830135+1.4205059579628416j),2.851649653,1.420505958
71,3.822551,6.221587924,8.031288703,(2.8618881963769036+1.4031450831982675j),2.861888196,1.403145083
72,3.803873,6.325162861,7.959810886,(2.8715921947307605+1.385957745167446j),2.871592195,1.385957745
73,3.785377,6.424998229,7.887478112,(2.8808110751698557+1.3689683055501007j),2.880811075,1.368968306
74,3.76706,6.521341096,7.814580161,(2.889596092014338+1.352192471264125j),2.889596092,1.352192471
75,3.748919,6.614467267,7.741354849,(2.8979986839491483+1.3356380891359922j),2.897998684,1.335638089
76,3.730952,6.704667964,7.667988706,(2.9060689044484262+1.3193060725194503j),2.906068904,1.319306073
77,3.713156,6.792251131,7.594606644,(2.9138551897567875+1.3031887566541642j),2.91385519,1.303188757
78,3.695529,6.877521983,7.521279197,(2.9214022968077984+1.287272075652345j),2.921402297,1.287272076
79,3.678069,6.960778493,7.448019043,(2.9287506311786062+1.2715352006497564j),2.928750631,1.271535201
80,3.660773,7.042306363,7.374778896,(2.9359355836140155+1.2559503923438142j),2.935935584,1.255950392
81,3.643639,7.122360078,7.301463717,(2.942985725050788+1.2404857514105723j),2.942985725,1.240485751
82,3.626665,7.201158905,7.227932105,(2.9499224200403247+1.2251054563340227j),2.94992242,1.225105456
83,3.609848,7.278883569,7.153999085,(2.956759612068014+1.2097701578090352j),2.956759612,1.209770158
84,3.593186,7.355660381,7.079453485,(2.963502628499124+1.1944402236831113j),2.963502628,1.194440224
85,3.576677,7.431560984,7.004063749,(2.9701484895508226+1.179076361555201j),2.97014849,1.179076362
86,3.560319,7.50659942,6.927588985,(2.9766861075795945+1.1636411658696588j),2.976686108,1.163641166
87,3.54411,7.580731485,6.849790561,(2.983096799503661+1.1481006184832356j),2.9830968,1.148100618
88,3.528048,7.65385649,6.770443711,(2.9893551032517944+1.1324254692854145j),2.989355103,1.132425469
89,3.512131,7.725821455,6.689348605,(2.9954298689792176+1.116592425407364j),2.995429869,1.116592425
90,3.496357,7.796427579,6.606340287,(3.0012855762785695+1.1005850858523332j),3.001285576,1.100585086
91,3.480724,7.865438669,6.521296973,(3.0068838119634336+1.0843945726944577j),3.006883812,1.084394573
92,3.46523,7.932591102,6.434146258,(3.0121848312377852+1.0680198291510554j),3.012184831,1.068019829
93,3.449874,7.997600569,6.344874857,(3.017148806826469+1.051468665090495j),3.017148807,1.051468665
94,3.434653,8.060186147,6.253512567,(3.021738295624849+1.0347541639306772j),3.021738296,1.034754164
95,3.419566,8.120064427,6.160154344,(3.0259182808515166+1.017898332314833j),3.025918281,1.017898332
96,3.404611,8.176972355,6.06493929,(3.02965825292057+1.0009279568580784j),3.029658253,1.000927957
97,3.389786,8.230671775,5.968050983,(3.0329327402827624+0.9838746016190835j),3.03293274,0.983874602
98,3.375089,8.280956583,5.86971059,(3.035721901033308+0.9667734366359261j),3.035721901,0.966773437
99,3.36052,8.327651785,5.7701828,(3.038011560488059+0.949664391457696j),3.03801156,0.949664391
100,3.346076,8.370633442,5.669733577,(3.0397941456707716+0.9325851201335064j),3.039794146,0.93258512
101,3.331756,8.409813526,5.568655543,(3.0410676520819315+0.9155757417869554j),3.041067652,0.915575742
102,3.317557,8.445151464,5.467232257,(3.041835776059945+0.8986731467369238j),3.041835776,0.898673147
103,3.303479,8.476639308,5.365766435,(3.0421070546389894+0.88191610930758j),3.042107055,0.881916109
104,3.289521,8.504310001,5.264545341,(3.041894650219844+0.8653398533092985j),3.04189465,0.865339853
105,3.27568,8.52823391,5.163827875,(3.041215443729949+0.8489743608899354j),3.041215444,0.848974361
106,3.261955,8.548506524,5.063869521,(3.040089409358952+0.8328487816265452j),3.040089409,0.832848782
107,3.248344,8.565249644,4.964897628,(3.038538876897592+0.816987675556392j),3.038538877,0.816987676
108,3.234847,8.578602873,4.86713122,(3.0365882107864635+0.8014144300264644j),3.036588211,0.80141443
109,3.221461,8.588724621,4.770743661,(3.0342625709374738+0.7861454883303427j),3.034262571,0.786145488
110,3.208186,8.595781897,4.675905822,(3.0315882462740076+0.7711973794664475j),3.031588246,0.771197379
111,3.19502,8.599950808,4.582750372,(3.028591398066647+0.7565811577065339j),3.028591398,0.756581158
112,3.181961,8.601410971,4.491387277,(3.0252979377374984+0.742304951405505j),3.025297938,0.742304951
113,3.169009,8.600342973,4.401918863,(3.0217337875369847+0.7283763515104826j),3.021733788,0.728376352
114,3.156162,8.596926318,4.314413356,(3.017923612774627+0.7147983033833347j),3.017923613,0.714798303
115,3.143419,8.59133713,4.22892752,(3.0138913897113726+0.7015726469888335j),3.01389139,0.701572647
116,3.130779,8.583746706,4.145501369,(3.0096600146324257+0.6886992798203239j),3.009660015,0.68869928
117,3.11824,8.574319404,4.064153517,(3.0052508393643085+0.6761754232936411j),3.005250839,0.676175423
118,3.1058,8.563211977,3.984889816,(3.000683905861598+0.6639969321441188j),3.000683906,0.663996932
119,3.09346,8.550576259,3.90772363,(2.9959790896528014+0.652161365817837j),2.99597909,0.652161366
120,3.081218,8.536553373,3.83263917,(2.991153887617377+0.6406623186420454j),2.991153888,0.640662319
121,3.069072,8.521275643,3.759612598,(2.986224474942065+0.629492630206313j),2.986224475,0.62949263
122,3.057022,8.504869448,3.688625028,(2.9812065894487656+0.6186463295412907j),2.981206589,0.61864633
123,3.045066,8.487450283,3.619639679,(2.976113952839305+0.6081151018268851j),2.976113953,0.608115102
124,3.033204,8.469128368,3.552626515,(2.9709599849354777+0.5978920168988273j),2.970959985,0.597892017
125,3.021433,8.450001427,3.487534653,(2.9657557135480332+0.5879672822440749j),2.965755714,0.587967282
126,3.009754,8.430166013,3.424332451,(2.960512895372746+0.5783343245187569j),2.960512895,0.578334325
127,2.998165,8.409706682,3.362969234,(2.9552410029611007+0.5689839221838556j),2.955241003,0.568983922
128,2.986665,8.388702801,3.30339817,(2.949949049473227+0.5599076652414401j),2.949949049,0.559907665
129,2.975252,8.367225438,3.245566219,(2.9446447454980396+0.5510963970151032j),2.944644745,0.551096397
130,2.963927,8.345345341,3.18943476,(2.939336423335554+0.5425433329456127j),2.939336423,0.542543333
131,2.952688,8.323122026,3.134949582,(2.934030305879472+0.5342394684005267j),2.934030306,0.534239468
132,2.941534,8.300611638,3.082061608,(2.9287324176136553+0.5261767154088494j),2.928732418,0.526176715
133,2.930464,8.277865466,3.030722045,(2.9234481749094963+0.5183471475238955j),2.923448175,0.518347148
134,2.919477,8.254930297,2.980882619,(2.918182435834657+0.5107430196894652j),2.918182436,0.51074302
135,2.908572,8.231848752,2.932495761,(2.9129395468273196+0.5033567833566783j),2.912939547,0.503356783
136,2.897749,8.208661764,2.885519055,(2.907723868590997+0.496181753437742j),2.907723869,0.496181753
137,2.887006,8.185402451,2.839902294,(2.90253837073087+0.4892101207532367j),2.902538371,0.489210121
138,2.876342,8.162102777,2.795600828,(2.897386112919884+0.4824349808088524j),2.897386113,0.482434981
139,2.865757,8.138793912,2.752575173,(2.8922702827258564+0.4758502671547272j),2.892270283,0.475850267
140,2.85525,8.115502105,2.710782764,(2.8871932602177464+0.4694494825754416j),2.88719326,0.469449483
141,2.84482,8.092251067,2.670182276,(2.8821571298863806+0.4632263537091768j),2.88215713,0.463226354
142,2.834466,8.069062178,2.630733649,(2.8771637077840113+0.4571748284773038j),2.877163708,0.457174828
143,2.824187,8.045954689,2.592398095,(2.872214566398081+0.4512890724585758j),2.872214566,0.451289072
144,2.813982,8.022945899,2.555138097,(2.8673110574196063+0.4455634644297973j),2.867311057,0.445563464
145,2.803851,8.000053587,2.518920936,(2.862454811273979+0.43999313557088915j),2.862454811,0.439993136
146,2.793793,7.977291647,2.483711383,(2.857646794539859+0.4345728429136429j),2.857646795,0.434572843
147,2.783807,7.954672473,2.449475447,(2.8528878093521852+0.4292975417652496j),2.852887809,0.429297542
148,2.773893,7.932209363,2.416183671,(2.848178983481952+0.42416289224912374j),2.848178983,0.424162892
149,2.764048,7.909907564,2.383797742,(2.84351988659869+0.4191631916051613j),2.843519887,0.419163192
150,2.754274,7.887782513,2.35229699,(2.838912334412318+0.4142954611501767j),2.838912334,0.414295461
151,2.744569,7.86583954,2.321648576,(2.8343561369063615+0.40955484490373817j),2.834356137,0.409554845
152,2.734932,7.84408529,2.291824084,(2.8298514800323+0.40493716716553163j),2.82985148,0.404937167
153,2.725362,7.822525544,2.262796153,(2.8253984616590966+0.4004384132008767j),2.825398462,0.400438413
154,2.71586,7.801169788,2.234544337,(2.820998024695841+0.39605563666483434j),2.820998025,0.396055637
155,2.706423,7.780017785,2.207037171,(2.8166491843129293+0.3917841779525595j),2.816649184,0.391784178
156,2.697052,7.759077624,2.180255926,(2.8123527400833725+0.38762134903652634j),2.81235274,0.387621349
157,2.687747,7.738354518,2.154179581,(2.808108961185006+0.3835641014871216j),2.808108961,0.383564101
158,2.678505,7.717846459,2.128779632,(2.803916699321976+0.3796082160054106j),2.803916699,0.379608216
159,2.669326,7.697557636,2.104036873,(2.799776131048494+0.3757509126185041j),2.799776131,0.375750913
160,2.660211,7.677493953,2.079935334,(2.7956878307137103+0.371989910911856j),2.795687831,0.371989911
161,2.651158,7.657654276,2.05645174,(2.7916509832539824+0.3683217838200482j),2.791650983,0.368321784
162,2.642166,7.638039319,2.033566307,(2.7876651955203604+0.36474364101397666j),2.787665196,0.364743641
163,2.633235,7.618651632,2.011262465,(2.7837304871204807+0.3612530872531426j),2.783730487,0.361253087
164,2.624365,7.599493425,1.989524171,(2.779846843862635+0.35784780296707136j),2.779846844,0.357847803
165,2.615554,7.580562309,1.968331123,(2.776013353362452+0.35452479370016304j),2.776013353,0.354524794
166,2.606803,7.56186209,1.947670874,(2.7722303902383483+0.35128228899264174j),2.77223039,0.351282289
167,2.598109,7.54338779,1.927522083,(2.7684965803145842+0.3481171146785444j),2.76849658,0.348117115
168,2.589475,7.525146971,1.907877884,(2.764813111687995+0.3450283630020364j),2.764813112,0.345028363
169,2.580897,7.507132169,1.888715841,(2.7611781610285244+0.342012671906811j),2.761178161,0.342012672
170,2.572376,7.489346321,1.870025442,(2.7575920292599343+0.33906854640987943j),2.757592029,0.339068546
171,2.563911,7.471787989,1.851792129,(2.7540541556334794+0.33619384803834484j),2.754054156,0.336193848
172,2.555503,7.454459725,1.834006059,(2.7505648026257736+0.33338717504611953j),2.750564803,0.333387175
173,2.547149,7.437355706,1.816649356,(2.747122564496496+0.3306458509832071j),2.747122564,0.330645851
174,2.53885,7.420478232,1.799713017,(2.743727688665657+0.3279685925474634j),2.743727689,0.327968593
175,2.530605,7.40382539,1.783184236,(2.740379589903887+0.32535350983880196j),2.74037959,0.32535351
176,2.522414,7.387397199,1.767052609,(2.7370780860394976+0.3227990860197855j),2.737078086,0.322799086
177,2.514275,7.371189594,1.75130419,(2.73382218832628+0.3203032365096347j),2.733822188,0.320303237
178,2.506189,7.355204431,1.735931234,(2.7306121101186855+0.31786485300659223j),2.73061211,0.317864853
179,2.498156,7.339441457,1.720924277,(2.7274476523379523+0.31548254935839626j),2.727447652,0.315482549
180,2.490174,7.32389645,1.706270473,(2.724327830093536+0.3131543960658522j),2.72432783,0.313154396
181,2.482242,7.308567149,1.69195926,(2.7212520629088877+0.3108788198410637j),2.721252063,0.31087882
182,2.474361,7.2934551,1.677983946,(2.718220543095858+0.30865485698568007j),2.718220543,0.308654857
183,2.466531,7.278559823,1.664336209,(2.715233065179009+0.30648127971521844j),2.715233065,0.30648128
184,2.45875,7.263877016,1.651004542,(2.712288665042224+0.3043563473206496j),2.712288665,0.304356347
185,2.451018,7.249406168,1.637981212,(2.7093871465714985+0.3022789146947944j),2.709387147,0.302278915
186,2.443335,7.235146712,1.625258678,(2.7065283095468717+0.3002478622236535j),2.70652831,0.300247862
187,2.4357,7.221096199,1.612827965,(2.7037115825928564+0.29826183673264767j),2.703711583,0.298261837
188,2.428112,7.207252195,1.600680384,(2.7009364035349326+0.2963195249638574j),2.700936404,0.296319525
189,2.420573,7.193617689,1.588812199,(2.698203302501429+0.29442040149857945j),2.698203303,0.294420401
190,2.41308,7.180186576,1.577211949,(2.695510992295328+0.29256270026569614j),2.695510992,0.2925627
191,2.405633,7.166958212,1.565873162,(2.6928592848751833+0.29074544861731255j),2.692859285,0.290745449
192,2.398232,7.153931918,1.554789507,(2.6902479894763056+0.28896769245626375j),2.690247989,0.288967692
193,2.390877,7.141106978,1.543954792,(2.6876769126887288+0.2872284954867788j),2.687676913,0.287228495
194,2.383568,7.128482649,1.533362953,(2.685145858509962+0.28552693849975913j),2.685145859,0.285526938
195,2.376302,7.116053046,1.523003811,(2.6826536043217426+0.28386143633988886j),2.682653604,0.283861436
196,2.369082,7.103822571,1.512875929,(2.680200992924989+0.28223180512644874j),2.680200993,0.282231805
197,2.361905,7.091785384,1.502969496,(2.677786816622449+0.2806365105101471j),2.677786817,0.280636511
198,2.354772,7.07994243,1.493280466,(2.6754112306887428+0.2790749416019898j),2.675411231,0.279074942
199,2.347682,7.06829129,1.483802153,(2.6730737185572635+0.27754605915740077j),2.673073719,0.277546059
200,2.340634,7.056829588,1.474528054,(2.67077377460328+0.2760488492190762j),2.670773775,0.276048849
201,2.333629,7.045558195,1.465454411,(2.6685115467075144+0.2745827373981811j),2.668511547,0.274582737
202,2.326667,7.034476307,1.456576205,(2.6662868487400044+0.2731469432578576j),2.666286849,0.273146943
203,2.319746,7.023579964,1.447886014,(2.6640988629652256+0.2717402936069849j),2.664098863,0.271740294
204,2.312865,7.012866873,1.439377876,(2.661947107232827+0.27036184757685106j),2.661947107,0.270361848
205,2.306026,7.002339379,1.431049602,(2.6598320329748066+0.26901127292065385j),2.659832033,0.269011273
206,2.299228,6.991995125,1.422895357,(2.657753148783586+0.2676876438220956j),2.657753149,0.267687644
207,2.292469,6.98183031,1.414908274,(2.6557096733487278+0.26638986334222525j),2.655709673,0.266389863
208,2.285751,6.971847158,1.407086315,(2.6537020383920997+0.2651176157977829j),2.653702038,0.265117616
209,2.279072,6.962041894,1.399422809,(2.6517294699020466+0.26386983009513926j),2.65172947,0.26386983
210,2.272432,6.952413744,1.391913525,(2.6497917985099098+0.26264582859613733j),2.649791799,0.262645829
211,2.265831,6.942961911,1.384554285,(2.6478888511482346+0.26144494019469755j),2.647888851,0.26144494
212,2.259268,6.933684171,1.377339872,(2.646020167897734+0.2602663216666555j),2.646020168,0.260266322
213,2.252743,6.924579733,1.37026626,(2.6441855783927903+0.25910932104945056j),2.644185578,0.259109321
214,2.246256,6.915647783,1.363329466,(2.6423849080219144+0.25797329190544244j),2.642384908,0.257973292
215,2.239807,6.906887481,1.356525556,(2.6406179777022913+0.2568575931739169j),2.640617978,0.256857593
216,2.233395,6.89829663,1.349849605,(2.6388843350869213+0.2557614190881017j),2.638884335,0.255761419
217,2.227019,6.889873082,1.343296782,(2.637183537419213+0.2546839767687082j),2.637183537,0.254683977
218,2.22068,6.88161732,1.336864365,(2.6355156740032304+0.2536248177151743j),2.635515674,0.253624818
219,2.214378,6.87352845,1.330548623,(2.6338805566249044+0.2525833260076581j),2.633880557,0.252583326
220,2.208111,6.865603039,1.324343892,(2.6322774835713365+0.2515585648938542j),2.632277484,0.251558565
221,2.20188,6.857841483,1.318247558,(2.6307065275850534+0.250550098267823j),2.630706528,0.250550098
222,2.195684,6.850241635,1.312255067,(2.629167247529122+0.24955716839637107j),2.629167248,0.249557168
223,2.189523,6.842802593,1.306362893,(2.6276594536972646+0.24857918548955174j),2.627659454,0.248579185
224,2.183396,6.835522241,1.3005666,(2.6261827107640854+0.24761540674722388j),2.626182711,0.247615407
225,2.177305,6.828401982,1.294864613,(2.6247372979006096+0.24666556415877308j),2.624737298,0.246665564
226,2.171247,6.821437333,1.289250699,(2.6233222989681417+0.24572861279703506j),2.623322299,0.245728613
227,2.165223,6.814628485,1.283722418,(2.621937747299846+0.24480413749730037j),2.621937747,0.244804137
228,2.159232,6.807973313,1.278275509,(2.6205832054094063+0.24389141811371598j),2.620583205,0.243891418
229,2.153275,6.801471893,1.272907564,(2.6192586840654553+0.2429900436952083j),2.619258684,0.242990044
230,2.147351,6.795122059,1.267614393,(2.6179637376741662+0.24209930305131724j),2.617963738,0.242099303
231,2.14146,6.788922725,1.26239274,(2.6166981404474714+0.2412186412816828j),2.61669814,0.241218641
232,2.135601,6.782871738,1.257238502,(2.615461448996303+0.24034735872694218j),2.615461449,0.240347359
233,2.129774,6.776967983,1.252148495,(2.6142534317631587+0.23948490983571558j),2.614253432,0.23948491
234,2.123979,6.771210301,1.247119558,(2.613073848309089+0.23863075256417385j),2.613073848,0.238630753
235,2.118216,6.765597484,1.242148556,(2.6119224490789366+0.23778434861996067j),2.611922449,0.237784349
236,2.112484,6.760127334,1.237231526,(2.6107987810218245+0.23694501748883917j),2.610798781,0.236945017
237,2.106784,6.754799532,1.232366247,(2.6097027773440398+0.23611237605004765j),2.609702777,0.236112376
238,2.101114,6.749610915,1.227547969,(2.608633786498069+0.2352856072454818j),2.608633786,0.235285607
239,2.095475,6.744561082,1.222774529,(2.60759172564759+0.23446433673019274j),2.607591726,0.234464337
240,2.089866,6.739647771,1.218042093,(2.6065761284091464+0.23364790310837275j),2.606576128,0.233647903
241,2.084288,6.734870434,1.213348548,(2.6055868838654925+0.2328359410645187j),2.605586884,0.232835941
242,2.078739,6.730225913,1.208689284,(2.604623340321977+0.23202765355339075j),2.60462334,0.232027654
243,2.07322,6.725713572,1.204062246,(2.6036853692018473+0.2312226854462732j),2.603685369,0.231222685
244,2.067731,6.721331851,1.199464569,(2.602772651817086+0.2304205417951877j),2.602772652,0.230420542
245,2.062271,6.717078366,1.194892584,(2.601884697641429+0.2296205870776746j),2.601884698,0.229620587
246,2.056839,6.712950749,1.190342653,(2.6010210194925696+0.22882219031379017j),2.601021019,0.22882219
247,2.051437,6.708948844,1.18581369,(2.6001815939870525+0.22802516815693255j),2.600181594,0.228025168
248,2.046063,6.705069434,1.18130129,(2.5993657574878193+0.22722875507054965j),2.599365757,0.227228755
249,2.040717,6.701310778,1.176802759,(2.598573156305038+0.22643248588947817j),2.598573156,0.226432486
250,2.0354,6.69767175,1.172316288,(2.5978035680151965+0.22563605310686055j),2.597803568,0.225636053
251,2.03011,6.694149116,1.167837575,(2.5970563259996395+0.2248387074051633j),2.597056326,0.224838707
252,2.024848,6.690741645,1.163364893,(2.596331187827003+0.22404015678987765j),2.596331188,0.224040157
253,2.019613,6.687446727,1.158894862,(2.5956276201328032+0.22323981544964722j),2.59562762,0.223239815
254,2.014406,6.684262967,1.154425854,(2.5949453499707484+0.22243741156597108j),2.59494535,0.222437412
255,2.009225,6.681187081,1.149953712,(2.5942837011419253+0.22163222002956548j),2.594283701,0.22163222
256,2.004072,6.678218131,1.145477777,(2.593642503190341+0.2208241450378716j),2.593642503,0.220824145
257,1.998945,6.675352778,1.140993977,(2.593021069654006+0.22001247694459466j),2.59302107,0.220012477
258,1.993844,6.67258882,1.136500018,(2.5924189609567043+0.21919682636767435j),2.592418961,0.219196826
259,1.98877,6.669924513,1.131994555,(2.591835839228053+0.2183769777577507j),2.591835839,0.218376978
260,1.983721,6.667356479,1.127473637,(2.5912710119273323+0.2175522420259831j),2.591271012,0.217552242
261,1.978698,6.664882864,1.122936036,(2.590724121508061+0.21672242649472218j),2.590724122,0.216722426
262,1.973701,6.662501216,1.118379708,(2.590194682938928+0.21588719097630588j),2.590194683,0.215887191
263,1.96873,6.660209027,1.11380268,(2.589682200465727+0.2150462091076624j),2.5896822,0.215046209
264,1.963783,6.658002851,1.109201181,(2.589185970058518+0.2141988241990124j),2.58918597,0.214198824
265,1.958862,6.655880998,1.104575217,(2.588705684104896+0.21334507515176346j),2.588705684,0.213345075
266,1.953965,6.653839964,1.099921133,(2.5882406289650572+0.2124843263325555j),2.588240629,0.212484326
267,1.949093,6.651877493,1.095238166,(2.5877903753613274+0.21161647715483375j),2.587790375,0.211616477
268,1.944246,6.649990834,1.090524704,(2.5873543858097623+0.2107412709989858j),2.587354386,0.210741271
269,1.939422,6.648176447,1.085777241,(2.5869319412209153+0.20985809945170245j),2.586931941,0.209858099
270,1.934623,6.646432268,1.080996275,(2.5865226688535223+0.20896709855094764j),2.586522669,0.208967099
271,1.929848,6.644755054,1.076179446,(2.586125923876243+0.20806787405294858j),2.586125924,0.208067874
272,1.925097,6.643141894,1.071325468,(2.5857411424875707+0.20716023170926268j),2.585741142,0.207160232
273,1.920369,6.641589513,1.066432112,(2.585367675745923+0.20624380074607204j),2.585367676,0.206243801
274,1.915664,6.640094949,1.061498245,(2.585004951786847+0.20531841623253297j),2.585004952,0.205318416
275,1.910983,6.6386555,1.056523911,(2.5846524667358812+0.20438413368790928j),2.584652467,0.204384134
276,1.906325,6.637267805,1.051507142,(2.5843095588054084+0.20344063236832807j),2.584309559,0.203440632
277,1.901689,6.635928507,1.046446023,(2.583975567886075+0.20248760002112337j),2.583975568,0.2024876
278,1.897076,6.634634806,1.041340914,(2.583649974951918+0.20152515319856648j),2.583649975,0.201525153
279,1.892486,6.63338357,1.03619122,(2.5833321829913305+0.20055322860151448j),2.583332183,0.200553229
280,1.887918,6.632171387,1.030995312,(2.5830215248196544+0.19957156803527065j),2.583021525,0.199571568
281,1.883373,6.630995361,1.025753939,(2.5827174683057814+0.19858036181189445j),2.582717468,0.198580362
282,1.87885,6.629852058,1.020465675,(2.5824193449140176+0.1975793893915449j),2.582419345,0.197579389
283,1.874348,6.628738054,1.01512915,(2.582126489137787+0.19656843972560897j),2.582126489,0.19656844
284,1.869868,6.627650418,1.009745471,(2.581838366115929+0.19554777021664244j),2.581838366,0.19554777
285,1.86541,6.626585959,1.004314704,(2.5815543754858132+0.1945174414654299j),2.581554375,0.194517441
286,1.860973,6.625541252,0.998835798,(2.5812738556765504+0.19347730107687838j),2.581273856,0.193477301
287,1.856558,6.624513355,0.993310278,(2.580996274507911+0.19242768542210154j),2.580996275,0.192427685
288,1.852163,6.623498635,0.987736035,(2.5807209143708008+0.19136823933010108j),2.580720914,0.191368239
289,1.84779,6.622494401,0.982116124,(2.58044731280266+0.19029958866878008j),2.580447313,0.190299589
290,1.843437,6.621497058,0.976448623,(2.5801747616321205+0.1892214119523047j),2.580174762,0.189221412
291,1.839105,6.620503724,0.970735583,(2.57990274619902+0.18813414271342443j),2.579902746,0.188134143
292,1.834794,6.619511317,0.964977908,(2.5796306961642856+0.18703799529247284j),2.579630696,0.187037995
293,1.830503,6.618516555,0.95917527,(2.579357985286631+0.18593294833944718j),2.579357985,0.185932948
294,1.826232,6.617516423,0.95332878,(2.5790840581367696+0.1848192533545085j),2.579084058,0.184819253
295,1.821982,6.616508184,0.947441071,(2.5788084336930046+0.18369745078614308j),2.578808434,0.183697451
296,1.817751,6.615488439,0.941510739,(2.5785304462556184+0.18256731085708824j),2.578530446,0.182567311
297,1.81354,6.614454549,0.935540657,(2.5782496353859328+0.1814294171602945j),2.578249635,0.181429417
298,1.809349,6.613403698,0.929532447,(2.577965488383889+0.1802841137551134j),2.577965488,0.180284114
299,1.805178,6.612333134,0.923487854,(2.577677505772557+0.17913176724740584j),2.577677506,0.179131767
300,1.801026,6.611239909,0.917407277,(2.577385131154308+0.17797248580773567j),2.577385131,0.177972486
301,1.796893,6.610121393,0.911292665,(2.577087889807811+0.1768066716345106j),2.57708789,0.176806672
302,1.792779,6.608975033,0.905146086,(2.5767853224686306+0.17563474884718852j),2.576785322,0.175634749
303,1.788684,6.607798359,0.898969732,(2.5764769863204324+0.17445716309847556j),2.576476986,0.174457163
304,1.784608,6.606588988,0.892765911,(2.576162455974058+0.1732743811479152j),2.576162456,0.173274381
305,1.780551,6.605344631,0.886537047,(2.57584132443282+0.172086890398374j),2.575841324,0.17208689
306,1.776513,6.604063095,0.88028568,(2.5755132040425277+0.1708951983970975j),2.575513204,0.170895198
307,1.772493,6.60274196,0.874012891,(2.575177642807665+0.16969953375624913j),2.575177643,0.169699534
308,1.768492,6.601379557,0.867722979,(2.5748343744093183+0.1685007369581688j),2.574834374,0.168500737
309,1.764508,6.599973302,0.861415631,(2.5744828955054277+0.16729876764485602j),2.574482896,0.167298768
310,1.760543,6.598522112,0.855096948,(2.5741230733225366+0.16609480656874387j),2.574123073,0.166094807
311,1.756596,6.597023975,0.848768387,(2.5737545350228865+0.1648891483250088j),2.573754535,0.164889148
312,1.752667,6.595477352,0.842433082,(2.573377018944098+0.1636824056121233j),2.573377019,0.163682406
313,1.748755,6.593880416,0.83609264,(2.5729901881729753+0.162474898536095j),2.572990188,0.162474899
314,1.744861,6.592232279,0.829751991,(2.5725939265072943+0.1612675795092638j),2.572593927,0.16126758
315,1.740985,6.590531805,0.823414549,(2.5721880498289353+0.16006111011973978j),2.57218805,0.16006111
316,1.737126,6.588777542,0.817082167,(2.571772292389608+0.15885585397769383j),2.571772292,0.158855854
317,1.733284,6.586968599,0.810758409,(2.5713465168459124+0.15765249921301117j),2.571346517,0.157652499
318,1.72946,6.585104736,0.804448573,(2.570910730389748+0.15645206266381506j),2.57091073,0.156452063
319,1.725653,6.583184909,0.798154738,(2.570464745415153+0.15525494744135765j),2.570464745,0.155254947
320,1.721862,6.58120817,0.791879044,(2.5700083923282304+0.15406156770027488j),2.570008392,0.154061568
321,1.718089,6.579175311,0.785628671,(2.5695418959246803+0.15287329472075953j),2.569541896,0.152873295
322,1.714332,6.577085173,0.779404244,(2.5690650254991665+0.15169025238661624j),2.569065025,0.151690252
323,1.710592,6.574938381,0.773211422,(2.5685779531393687+0.15051352066592283j),2.568577953,0.150513521
324,1.706868,6.572734614,0.767052613,(2.5680806282065607+0.14934356121632764j),2.568080628,0.149343561
325,1.703161,6.570474898,0.760933596,(2.567573299319476+0.14818147476563842j),2.567573299,0.148181475
326,1.699469,6.568158617,0.754855257,(2.5670558394323986+0.1470274322275282j),2.567055839,0.147027432
327,1.695795,6.565788479,0.748826767,(2.566528858293969+0.14588317689598207j),2.566528858,0.145883177
328,1.692136,6.563363579,0.742847486,(2.565992153752866+0.14474858884318562j),2.565992154,0.144748589
329,1.688493,6.560885767,0.736923399,(2.565446131054675+0.1436248047618799j),2.565446131,0.143624805
330,1.684866,6.558356473,0.73105889,(2.564891095185451+0.1425126570294171j),2.564891095,0.142512657
331,1.681255,6.555777352,0.725258383,(2.5643273941103852+0.1414129850595901j),2.564327394,0.141412985
332,1.67766,6.553150291,0.71952634,(2.5637554203060335+0.14032663458039785j),2.56375542,0.140326635
333,1.67408,6.550476662,0.713865682,(2.5631754489812213+0.13925415870129543j),2.563175449,0.139254159
334,1.670516,6.547759564,0.708282535,(2.562588124633877+0.13819671768141703j),2.562588125,0.138196718
335,1.666966,6.545000064,0.702778369,(2.5619936465185917+0.13715458854732668j),2.561993647,0.137154589
336,1.663433,6.542203377,0.697362435,(2.5613931021981955+0.13612952152359112j),2.561393102,0.136129522
337,1.659914,6.539370298,0.692034758,(2.56078662189925+0.13512151925219854j),2.560786622,0.135121519
338,1.656411,6.536505878,0.686803031,(2.5601752441147325+0.1341320351047667j),2.560175244,0.134132035
339,1.652922,6.533612236,0.681668951,(2.559559374320442+0.1331613866592767j),2.559559374,0.133161387
340,1.649449,6.53069511,0.676640147,(2.558940183331294+0.13221101284335654j),2.558940183,0.132211013
341,1.64599,6.527757244,0.671718413,(2.5583181994686104+0.13128124828279839j),2.558318199,0.131281248
342,1.642546,6.524804256,0.666909896,(2.557694555693466+0.13037324852653656j),2.557694556,0.130373249
343,1.639116,6.521840446,0.662217911,(2.5570700994024627+0.12948763339208125j),2.557070099,0.129487633
344,1.635701,6.518872237,0.657648519,(2.556446120426822+0.12862553878627223j),2.55644612,0.128625539
345,1.6323,6.515904753,0.653205044,(2.5558236282586435+0.1277875822653594j),2.555823628,0.127787582
346,1.628914,6.51294531,0.64889341,(2.5552040872302877+0.12697486935606342j),2.555204087,0.126974869
347,1.625542,6.509999966,0.644716904,(2.5545886908048097+0.12618800557369328j),2.554588691,0.126188006
348,1.622184,6.507076171,0.640680064,(2.553978917527636+0.12542782933561702j),2.553978918,0.125427829
349,1.618841,6.504182789,0.636788482,(2.5533765340767585+0.12469537359998416j),2.553376534,0.124695374
350,1.615511,6.501326682,0.633044163,(2.5527828829633687+0.12399099175146822j),2.552782883,0.123990992
351,1.612195,6.498517944,0.629452483,(2.5521999722039785+0.12331566688858896j),2.552199972,0.123315667
352,1.608893,6.495766478,0.626017464,(2.551629760883236+0.12267012111046405j),2.551629761,0.122670121
353,1.605604,6.493082097,0.622741942,(2.5510741822214205+0.1220548477694325j),2.551074182,0.122054848
354,1.60233,6.49047783,0.61963147,(2.5505358251275587+0.12147084231769814j),2.550535825,0.121470842
355,1.599069,6.487964308,0.616687408,(2.550016773422432+0.12091830414899535j),2.550016773,0.120918304
356,1.595821,6.485554723,0.613912798,(2.5495196288916357+0.12039773905780717j),2.549519629,0.120397739
357,1.592587,6.483263919,0.611311043,(2.549047323506241+0.11990970843477015j),2.549047324,0.119909708
358,1.589366,6.481106319,0.60888338,(2.548602688131201+0.11945435496746741j),2.548602688,0.119454355
359,1.586158,6.479098202,0.606631334,(2.5481889227456826+0.11903185999881537j),2.548188923,0.11903186
360,1.582963,6.477257025,0.604555725,(2.5478094532821185+0.11864225644413766j),2.547809453,0.118642256
361,1.579782,6.475601983,0.602657116,(2.547468046003363+0.11828551041587083j),2.547468046,0.11828551
362,1.576613,6.47415206,0.600933334,(2.547168402437024+0.11796105295163814j),2.547168402,0.117961053
363,1.573457,6.472929233,0.599382879,(2.5469148178853556+0.11766841888507087j),2.546914818,0.117668419
364,1.570315,6.471956665,0.598002711,(2.5467118070450514+0.11740682808585444j),2.546711807,0.117406828
365,1.567184,6.471257984,0.596786572,(2.546563946419191+0.11717486484775606j),2.546563946,0.117174865
366,1.564067,6.470860016,0.595728877,(2.5464764441641123+0.11697121306761674j),2.546476444,0.116971213
367,1.560962,6.470790181,0.594820007,(2.54645458697131+0.11679375898645195j),2.546454587,0.116793759
368,1.55787,6.471078002,0.594048938,(2.5465040571429745+0.11664009257391252j),2.546504057,0.116640093
369,1.55479,6.471754767,0.59340127,(2.5466308481365068+0.11650712369429495j),2.546630848,0.116507124
370,1.551723,6.472853101,0.592859798,(2.54684118319688+0.11639119897073028j),2.546841183,0.116391199
371,1.548668,6.474407792,0.592403167,(2.5471416631898887+0.11628783262176229j),2.547141663,0.116287833
372,1.545625,6.476454948,0.59200593,(2.54753909986333+0.11619172606897067j),2.5475391,0.116191726
373,1.542594,6.47903194,0.591637708,(2.548040494637633+0.11609660627309046j),2.548040495,0.116096606
374,1.539575,6.482177098,0.591262515,(2.5486529699202083+0.11599510049695833j),2.54865297,0.1159951
375,1.536569,6.485927926,0.59083819,(2.5493834129265323+0.11587864472145178j),2.549383413,0.115878645
376,1.533574,6.490325732,0.590315044,(2.550239366838977+0.11573718376446529j),2.550239367,0.115737184
377,1.530591,6.49540742,0.589635878,(2.551227422520785+0.11555925446859094j),2.551227423,0.115559254
378,1.52762,6.501209304,0.588734622,(2.552353953577576+0.11533169633708217j),2.552353954,0.115331696
379,1.524661,6.50776478,0.587535672,(2.5536246549057826+0.11503955185788695j),2.553624655,0.115039552
380,1.521713,6.515105486,0.585952528,(2.5550447614268887+0.11466580489836631j),2.555044761,0.114665805
381,1.518777,6.523252219,0.583888656,(2.5566172866688146+0.11419164273279911j),2.556617287,0.114191643
382,1.515853,6.532219583,0.581235835,(2.558343928944882+0.11359610965234891j),2.558343929,0.11359611
383,1.51294,6.542014968,0.577873095,(2.5602248784341275+0.11285592533959335j),2.560224878,0.112855925
384,1.510038,6.552629635,0.57366863,(2.562257116663507+0.11194595305188763j),2.562257117,0.111945953
385,1.507148,6.564034135,0.568481958,(2.564433576405278+0.11083967291240489j),2.564433576,0.110839673
386,1.504269,6.5761867,0.562160322,(2.566744785518818+0.10950841798334016j),2.566744786,0.109508418
387,1.501401,6.589018729,0.554545459,(2.5691761449278716+0.10792281803388731j),2.569176145,0.107922818
388,1.498544,6.602435052,0.545475669,(2.571708056901365+0.10605318658268924j),2.571708057,0.106053187
389,1.495698,6.616311176,0.534790298,(2.5743154882706487+0.10387038812521833j),2.574315488,0.103870388
390,1.492864,6.630486407,0.522340147,(2.5769667820160236+0.1013478618517603j),2.576966782,0.101347862
391,1.49004,6.644783683,0.507976085,(2.5796274723345967+0.09845919436674093j),2.579627472,0.098459194
392,1.487227,6.658981487,0.491583136,(2.5822551467840196+0.09518484963215651j),2.582255147,0.09518485
393,1.484425,6.67283936,0.473072072,(2.5848043412249937+0.09151022860781245j),2.584804341,0.091510229
394,1.481634,6.686104142,0.452392112,(2.587227819533831+0.08742796214588079j),2.58722782,0.087427962
395,1.478853,6.698535447,0.429530401,(2.5894814309661203+0.08293753250163005j),2.589481431,0.082937533
396,1.476084,6.709930677,0.404552529,(2.591529071170798+0.07805286330615063j),2.591529071,0.078052863
397,1.473324,6.720261272,0.377537519,(2.593368372249116+0.07278902667580474j),2.593368372,0.072789027
398,1.470575,6.729973865,0.348669825,(2.5950889875289116+0.06717878008353204j),2.595088988,0.06717878
399,1.467837,6.742616601,0.318174697,(2.597377151939878+0.06124922929165891j),2.597377152,0.061249229
400,1.465109,6.751190653,0.263236889,(2.598798887473871+0.05064587529340738j),2.598798887,0.050645875
401,1.462391,6.736225677,0.214572821,(2.5957530643473414+0.04133151653104262j),2.595753064,0.041331517
402,1.459684,6.714093045,0.175049931,(2.5913768207800416+0.03377546816668887j),2.591376821,0.033775468
403,1.456987,6.688854362,0.142914332,(2.5864295183425865+0.027627725888722802j),2.586429518,0.027627726
404,1.4543,6.662463472,0.116765953,(2.581273918301697+0.022617892758499968j),2.581273918,0.022617893
405,1.451623,6.63599237,0.095473597,(2.576108645253144+0.018530584311245334j),2.576108645,0.018530584
406,1.448957,6.610061454,0.078128522,(2.571048873264709+0.015193900586844316j),2.571048873,0.015193901
407,1.4463,6.584995481,0.063977885,(2.566154881251611+0.012465709988448787j),2.566154881,0.01246571
408,1.443653,6.560986655,0.052429626,(2.5614627453745817+0.010234313563268434j),2.561462745,0.010234314
409,1.441016,6.538116538,0.042998197,(2.55698792186451+0.008407978122008027j),2.556987922,0.008407978
410,1.438389,6.516403593,0.035289893,(2.55273409722784+0.0069121756384280695j),2.552734097,0.006912176
411,1.435772,6.495827185,0.028985249,(2.5486976122884224+0.005686286467105035j),2.548697612,0.005686286
412,1.433164,6.476335885,0.023823068,(2.544868914682767+0.004680608103028936j),2.544868915,0.004680608
413,1.430566,6.457880255,0.019594986,(2.5412388944953617+0.003855400160622367j),2.541238894,0.0038554
414,1.427978,6.440396196,0.016129422,(2.5377955581059304+0.00317784117401756j),2.537795558,0.003177841
415,1.425399,6.423811117,0.013285767,(2.5345251993690354+0.002620957749181081j),2.534525199,0.002620958
416,1.42283,6.408066153,0.010951688,(2.53141676384511+0.002163153818624089j),2.531416764,0.002163154
417,1.42027,6.393092147,0.009033778,(2.528457106231767+0.0017864210679665986j),2.528457106,0.001786421
418,1.41772,6.378835252,0.007457348,(2.525636045035555+0.0014763306332831378j),2.525636045,0.001476331
419,1.415179,6.365234048,0.006160179,(2.5229418419996015+0.0012208324994044174j),2.522941842,0.001220832
420,1.412647,6.352237149,0.005092091,(2.5203646896966196+0.001010189395317097j),2.52036469,0.001010189
421,1.410125,6.339802088,0.004212362,(2.5178965006496177+0.0008364843027247045j),2.517896501,0.000836484
422,1.407612,6.327880348,0.003486977,(2.5155279421813694+0.0006930905050710031j),2.515527942,0.000693091
423,1.405108,6.316432427,0.002888461,(2.513251431291112+0.0005746461866779033j),2.513251431,0.000574646
424,1.402613,6.305422368,0.002394296,(2.511060054153923+0.000476749984495341j),2.511060054,0.00047675
425,1.400127,6.294817496,0.001986017,(2.508947519008195+0.00039578695561015j),2.508947519,0.000395787
426,1.39765,6.28458815,0.001648475,(2.506908107191252+0.00032878640566633746j),2.506908107,0.000328786
427,1.395182,6.274707418,0.001369227,(2.5049366244727023+0.00027330569787846677j),2.504936624,0.000273306
428,1.392723,6.26515089,0.001138053,(2.5030283540699085+0.00022733524267661316j),2.503028354,0.000227335
429,1.390273,6.255896415,0.00094655,(2.501179012191913+0.00018922077472043354j),2.501179012,0.000189221
430,1.387832,6.246923887,0.000787805,(2.499384706583211+0.00015759973746252642j),2.499384707,0.0001576
431,1.385399,6.238211499,0.000656077,(2.497641190495146+0.00013133934194883677j),2.49764119,0.000131339
432,1.382976,6.229749795,0.000546786,(2.495946675539205+0.00010953489150638751j),2.495946676,0.000109535
433,1.380561,6.221516651,0.000455976,(2.4942968266026506+9.14037130459686e-05j),2.494296827,9.14E-05
434,1.378154,6.213498502,0.000380476,(2.492689011468987+7.631841479952509e-05j),2.492689011,7.63E-05
435,1.375756,6.205686181,0.000317692,(2.4911214712984724+6.37649364349205e-05j),2.491121471,6.38E-05
436,1.373367,6.19806815,0.000265448,(2.489591965183315+5.331163598054654e-05j),2.489591965,5.33E-05
437,1.370986,6.190630754,0.000221929,(2.488097818828371+4.459820709123581e-05j),2.488097819,4.46E-05
438,1.368614,6.183367514,0.000185671,(2.4866377933454653+3.733369292301394e-05j),2.486637793,3.73E-05
439,1.36625,6.176266541,0.000155429,(2.4852095569974098+3.127089536561902e-05j),2.485209557,3.13E-05
440,1.363894,6.169319794,0.000130192,(2.4838115458209+2.620812231823818e-05j),2.483811546,2.62E-05
441,1.361547,6.162522727,0.000109126,(2.482442895097332+2.1979632009936608e-05j),2.482442895,2.20E-05
442,1.359208,6.155865517,9.15E-05,(2.481101674162288+1.8444267035910147e-05j),2.481101674,1.84E-05
443,1.356877,6.149341829,7.68E-05,(2.479786649948557+1.5486715965152315e-05j),2.47978665,1.55E-05
444,1.354555,6.142948519,6.45E-05,(2.478497230068277+1.3012084395893479e-05j),2.47849723,1.30E-05
445,1.35224,6.136674627,5.42E-05,(2.477231242201695+1.0938528232770267e-05j),2.477231242,1.09E-05
446,1.349934,6.130520502,4.56E-05,(2.475988792769919+9.201536414815384e-06j),2.475988793,9.20E-06
447,1.347636,6.124478688,3.83E-05,(2.4747684109864876+7.744992313184524e-06j),2.474768411,7.74E-06
448,1.345345,6.118542204,3.23E-05,(2.4735687182921144+6.5223865155008064e-06j),2.473568718,6.52E-06
449,1.343063,6.11271211,2.72E-05,(2.4723899591659966+5.496448385720538e-06j),2.472389959,5.50E-06
450,1.340789,6.106981938,2.29E-05,(2.471230854863451+4.634620470117033e-06j),2.471230855,4.63E-06
451,1.338523,6.10134807,1.93E-05,(2.4700907007558954+3.910298656669015e-06j),2.470090701,3.91E-06
452,1.336264,6.095804671,1.63E-05,(2.468968341386576+3.3008678803719614e-06j),2.468968341,3.30E-06
453,1.334014,6.090353453,1.38E-05,(2.4678641479730676+2.7882298520091913e-06j),2.467864148,2.79E-06
454,1.331771,6.08498656,1.16E-05,(2.4667765525527745+2.3564574004138466e-06j),2.466776553,2.36E-06
455,1.329535,6.079701242,9.83E-06,(2.4657050192463847+1.992636852331455e-06j),2.465705019,1.99E-06
456,1.327308,6.074499544,8.31E-06,(2.4646499840208396+1.6860056441928808e-06j),2.464649984,1.69E-06
457,1.325088,6.069374258,7.03E-06,(2.463610005215472+1.4274036901984271e-06j),2.463610005,1.43E-06
458,1.322876,6.064325332,5.96E-06,(2.462585091392588+1.2091078028142925e-06j),2.462585091,1.21E-06
459,1.320672,6.059350492,5.05E-06,(2.461574799164679+1.0248272933989406e-06j),2.461574799,1.02E-06
460,1.318475,6.054445357,4.28E-06,(2.460578256639082+8.691350562225392e-07j),2.460578257,8.69E-07
461,1.316285,6.049607948,3.63E-06,(2.4595950780358495+7.375698489406456e-07j),2.459595078,7.38E-07
462,1.314103,6.044838556,3.08E-06,(2.458625338637408+6.258487701416016e-07j),2.458625339,6.26E-07
463,1.311928,6.040133169,2.61E-06,(2.4576682382391066+5.318691819183453e-07j),2.457668238,5.32E-07
464,1.309761,6.035492213,2.22E-06,(2.456723877962356+4.519745972187251e-07j),2.456723878,4.52E-07
465,1.307601,6.030911885,1.89E-06,(2.455791498681916+3.845539063383323e-07j),2.455791499,3.85E-07
466,1.305449,6.026392724,1.61E-06,(2.4548712234590906+3.271475195899628e-07j),2.454871223,3.27E-07
467,1.303304,6.021931116,1.37E-06,(2.4539623297234296+2.779775575723891e-07j),2.45396233,2.78E-07
468,1.301166,6.017525643,1.16E-06,(2.453064541169074+2.374854303972308e-07j),2.453064541,2.37E-07
469,1.299035,6.013174949,9.91E-07,(2.4521775932882983+2.0212918469683135e-07j),2.452177593,2.02E-07
470,1.296911,6.008877733,8.45E-07,(2.4513012326664465+1.7249341164216735e-07j),2.451301233,1.72E-07
471,1.294795,6.004634746,7.21E-07,(2.450435623675473+1.4600096599955427e-07j),2.450435624,1.46E-07
472,1.292686,6.00044276,6.15E-07,(2.4495801190510575+1.2467205919833117e-07j),2.449580119,1.25E-07
473,1.290583,5.996298666,5.25E-07,(2.4487340945366283+1.0745380149674383e-07j),2.448734095,1.07E-07
474,1.288488,5.992205303,4.49E-07,(2.4478981397889963+9.18569267238524e-08j),2.44789814,9.19E-08
475,1.2864,5.988159632,3.83E-07,(2.447071644258246+7.884953353001448e-08j),2.447071644,7.88E-08
476,1.284319,5.984160634,3.28E-07,(2.4462544091670995+6.664001874625056e-08j),2.446254409,6.66E-08
477,1.282244,5.98020543,2.80E-07,(2.445445854976631+5.5755039852469285e-08j),2.445445855,5.58E-08
478,1.280177,5.976296884,2.40E-07,(2.4446465765962766+4.712160915387242e-08j),2.444646577,4.71E-08
479,1.278116,5.972430305,2.06E-07,(2.443855622805185+4.2146848510894035e-08j),2.443855623,4.21E-08
480,1.276062,5.96860671,1.76E-07,(2.443073210180263+2.9802322387695312e-08j),2.44307321,2.98E-08
481,1.274016,5.964827091,1.51E-07,(2.442299549897802+2.9802322387695312e-08j),2.44229955,2.98E-08
482,1.271975,5.961085108,1.30E-07,(2.441533351811477+2.1073424255447017e-08j),2.441533352,2.11E-08
483,1.269942,5.957385489,1.11E-07,(2.440775591751374+2.1073424255447017e-08j),2.440775592,2.11E-08
484,1.267915,5.95372383,9.55E-08,(2.4400253748658516+2.1073424255447017e-08j),2.440025375,2.11E-08
485,1.265895,5.950101216,8.20E-08,(2.4392829307038344+2.1073424255447017e-08j),2.439282931,2.11E-08
486,1.263882,5.946516931,7.05E-08,(2.438548119459417+2.1073424255447017e-08j),2.438548119,2.11E-08
487,1.261875,5.942968519,6.06E-08,(2.437820444460017+2.1073424255447017e-08j),2.437820444,2.11E-08
488,1.259875,5.939457096,5.21E-08,(2.437100140803927+0j),2.437100141,0
489,1.257881,5.935980273,4.49E-08,(2.4363867247932034+0j),2.436386725,0
490,1.255894,5.932539179,3.87E-08,(2.435680434472399+0j),2.435680434,0
491,1.253913,5.929131488,3.33E-08,(2.43498079823724+0j),2.434980798,0
492,1.251939,5.925758343,2.87E-08,(2.434288056600908+0j),2.434288057,0
493,1.249971,5.922417474,2.48E-08,(2.433601749258937+0j),2.433601749,0
494,1.248009,5.919108355,2.14E-08,(2.4329217732699275+0j),2.432921773,0
495,1.246054,5.915832143,1.84E-08,(2.432248372025303+0j),2.432248372,0
496,1.244105,5.91258665,1.59E-08,(2.431581100792294+0j),2.431581101,0
497,1.242163,5.909373041,1.38E-08,(2.430920204483979+0j),2.430920204,0
498,1.240227,5.906189176,1.19E-08,(2.430265248001597+0j),2.430265248,0
499,1.223788,5.879914586,3.46E-09,(2.4248535185440963+0j),2.424853519,0
500,1.219735,5.873635292,2.55E-09,(2.423558394650499+0j),2.423558395,0
501,1.215708,5.867469995,1.88E-09,(2.4222861091388492+0j),2.422286109,0
502,1.211706,5.861413929,1.39E-09,(2.421035714052654+0j),2.421035714,0
503,1.207729,5.855464047,1.03E-09,(2.419806613491864+0j),2.419806613,0
504,1.203776,5.849615976,7.67E-10,(2.418597935950135+0j),2.418597936,0
505,1.199848,5.843868454,5.71E-10,(2.417409451114772+0j),2.417409451,0
506,1.195944,5.838217404,4.26E-10,(2.41624034485297+0j),2.416240345,0
507,1.192064,5.832660351,3.18E-10,(2.415090133121931+0j),2.415090133,0
508,1.188208,5.827194931,2.38E-10,(2.41395835313208+0j),2.413958353,0
509,1.184376,5.82181888,1.78E-10,(2.4128445620170793+0j),2.412844562,0
510,1.180567,5.816528652,1.34E-10,(2.4117480491034886+0j),2.411748049,0
511,1.176781,5.811322211,1.01E-10,(2.410668415819292+0j),2.410668416,0
512,1.173018,5.806197604,7.59E-11,(2.4096052797200027+0j),2.40960528,0
513,1.169278,5.801152957,5.73E-11,(2.408558273554649+0j),2.408558274,0
514,1.165561,5.79618647,4.33E-11,(2.407527044401154+0j),2.407527044,0
515,1.161866,5.791295092,3.28E-11,(2.406510979088553+0j),2.406510979,0
516,1.158193,5.786477196,2.49E-11,(2.4055097581029705+0j),2.405509758,0
517,1.154542,5.781731212,1.89E-11,(2.4045230736949814+0j),2.404523074,0
518,1.150914,5.77705691,1.44E-11,(2.4035508960953247+0j),2.403550896,0
519,1.147306,5.772448985,1.10E-11,(2.4025921387419875+0j),2.402592139,0
520,1.143721,5.767909879,8.39E-12,(2.4016473261241122+0j),2.401647326,0
521,1.140156,5.763434452,6.41E-12,(2.4007154041818515+0j),2.400715404,0
522,1.136613,5.759023935,4.91E-12,(2.3997966444294154+0j),2.399796644,0
523,1.13309,5.754674601,3.77E-12,(2.3988902852159457+0j),2.398890285,0
524,1.129589,5.750387723,2.90E-12,(2.3979966060583124+0j),2.397996606,0
525,1.126108,5.746159695,2.23E-12,(2.397114868922361+0j),2.397114869,0
526,1.122647,5.741989426,1.72E-12,(2.396244859316432+0j),2.396244859,0
527,1.119207,5.73787705,1.33E-12,(2.3953866179616274+0j),2.395386618,0
528,1.115787,5.733820333,1.03E-12,(2.3945396911589554+0j),2.394539691,0
529,1.112386,5.72981711,7.95E-13,(2.3937036386807122+0j),2.393703639,0
530,1.109006,5.725868773,6.16E-13,(2.392878762655166+0j),2.392878763,0
531,1.105645,5.721972051,4.79E-13,(2.3920643909830672+0j),2.392064391,0
532,1.102303,5.718126062,3.72E-13,(2.3912603501405565+0j),2.39126035,0
533,1.098981,5.71433109,2.90E-13,(2.3904667095876477+0j),2.39046671,0
534,1.095678,5.710585147,2.26E-13,(2.3896830640744247+0j),2.389683064,0
535,1.092394,5.706887425,1.77E-13,(2.3889092543033996+0j),2.388909254,0
536,1.089128,5.703236025,1.38E-13,(2.388144892063778+0j),2.388144892,0
537,1.085881,5.699631312,1.08E-13,(2.3873900629090916+0j),2.387390063,0
538,1.082653,5.696072542,8.49E-14,(2.3866446199608804+0j),2.38664462,0
539,1.079443,5.692557898,6.67E-14,(2.385908191522408+0j),2.385908192,0
540,1.076252,5.689087782,5.25E-14,(2.385180869887346+0j),2.38518087,0
541,1.073078,5.685659352,4.13E-14,(2.3844620677383292+0j),2.384462068,0
542,1.069922,5.682273052,3.26E-14,(2.3837518855544872+0j),2.383751886,0
543,1.066784,5.678928248,2.57E-14,(2.383050198319159+0j),2.383050198,0
544,1.063664,5.675624323,2.04E-14,(2.3823568840741816+0j),2.382356884,0
545,1.060561,5.672359628,1.61E-14,(2.3816716036459287+0j),2.381671604,0
546,1.057476,5.669134636,1.28E-14,(2.380994463716617+0j),2.380994464,0
547,1.054408,5.66594774,1.02E-14,(2.3803251333027857+0j),2.380325133,0
548,1.051357,5.662798399,8.07E-15,(2.379663505479354+0j),2.379663505,0
549,1.048322,5.659685063,6.42E-15,(2.3790092608407325+0j),2.379009261,0
550,1.045305,5.656609268,5.12E-15,(2.378362728391328+0j),2.378362728,0
551,1.042304,5.65356847,4.09E-15,(2.3777233796754187+0j),2.37772338,0
552,1.03932,5.6505632,3.26E-15,(2.3770913319565268+0j),2.377091332,0
553,1.036353,5.647592977,2.61E-15,(2.376466489714704+0j),2.37646649,0
554,1.033401,5.644655344,2.09E-15,(2.37584834189373+0j),2.375848342,0
555,1.030466,5.641751848,1.68E-15,(2.3752372193608005+0j),2.375237219,0
556,1.027547,5.638881059,1.35E-15,(2.37463282605332+0j),2.374632826,0
557,1.024644,5.63604255,1.08E-15,(2.3740350776964845+0j),2.374035078,0
558,1.021756,5.633234938,8.71E-16,(2.3734436875404534+0j),2.373443688,0
559,1.018885,5.630459759,7.02E-16,(2.3728589842719754+0j),2.372858984,0
560,1.016029,5.627714682,5.66E-16,(2.3722804813301086+0j),2.372280481,0
561,1.013188,5.624999332,4.57E-16,(2.3717081043294526+0j),2.371708104,0
562,1.010363,5.62231429,3.70E-16,(2.3711419802077116+0j),2.37114198,0
563,1.007552,5.619657296,2.99E-16,(2.370581636669172+0j),2.370581637,0
564,1.004757,5.617029888,2.43E-16,(2.3700274022851846+0j),2.370027402,0
565,1.001977,5.614430771,1.97E-16,(2.369479008431255+0j),2.369479008,0
566,0.999212,5.611859609,1.60E-16,(2.368936387648616+0j),2.368936388,0
567,0.996462,5.609316067,1.30E-16,(2.368399473742905+0j),2.368399474,0
568,0.993726,5.606798903,1.06E-16,(2.367868007993147+0j),2.367868008,0
569,0.991005,5.604308724,8.62E-17,(2.3673421223366424+0j),2.367342122,0
570,0.988298,5.601844308,7.04E-17,(2.3668215623146582+0j),2.366821562,0
571,0.985605,5.59940536,5.75E-17,(2.366306269275571+0j),2.366306269,0
572,0.982927,5.596992491,4.70E-17,(2.3657963755368536+0j),2.365796376,0
573,0.980263,5.594604508,3.84E-17,(2.3652916327075264+0j),2.365291633,0
574,0.977613,5.592241133,3.15E-17,(2.3647919852018213+0j),2.364791985,0
575,0.974977,5.589902093,2.58E-17,(2.3642973783936942+0j),2.364297378,0
576,0.972354,5.587586239,2.12E-17,(2.363807572304903+0j),2.363807572,0
577,0.969746,5.585295071,1.74E-17,(2.3633228876189762+0j),2.363322888,0
578,0.967151,5.583026574,1.43E-17,(2.362842900737347+0j),2.362842901,0
579,0.964569,5.580780504,1.18E-17,(2.3623675632358094+0j),2.362367563,0
580,0.962001,5.578557487,9.74E-18,(2.3618970102899715+0j),2.36189701,0
581,0.959446,5.576356418,8.04E-18,(2.3614310105359873+0j),2.361431011,0
582,0.956904,5.574177064,6.64E-18,(2.360969517891842+0j),2.360969518,0
583,0.954376,5.572020053,5.49E-18,(2.3605126673142784+0j),2.360512667,0
584,0.95186,5.569883453,4.54E-18,(2.3600600527510625+0j),2.360060053,0
585,0.949358,5.567768744,3.76E-18,(2.3596119900841477+0j),2.35961199,0
586,0.946868,5.56567402,3.12E-18,(2.3591680779187207+0j),2.359168078,0
587,0.944391,5.563599916,2.59E-18,(2.358728453173189+0j),2.358728453,0
588,0.941927,5.561546223,2.15E-18,(2.358293073936194+0j),2.358293074,0
589,0.939475,5.559511907,1.79E-18,(2.357861723407457+0j),2.357861723,0
590,0.937036,5.557497601,1.49E-18,(2.3574345380091235+0j),2.357434538,0
591,0.934609,5.555502286,1.24E-18,(2.3570113036836955+0j),2.357011304,0
592,0.932194,5.553525775,1.03E-18,(2.356591983233184+0j),2.356591983,0
593,0.929792,5.551568701,8.64E-19,(2.3561767125168154+0j),2.356176713,0
594,0.927402,5.549630061,7.22E-19,(2.355765281426784+0j),2.355765281,0
595,0.925023,5.547708874,6.04E-19,(2.355357483330055+0j),2.355357483,0
596,0.922657,5.545806581,5.05E-19,(2.354953625980495+0j),2.354953626,0
597,0.920303,5.543922199,4.23E-19,(2.3545535030269744+0j),2.354553503,0
598,0.91796,5.542054764,3.55E-19,(2.3541569114733667+0j),2.354156911,0
599,0.915629,5.540204911,2.98E-19,(2.353763988028597+0j),2.353763988,0
600,0.91331,5.538372476,2.50E-19,(2.3533746995397036+0j),2.3533747,0
601,0.911002,5.536556512,2.10E-19,(2.3529888464766366+0j),2.352988846,0
602,0.908706,5.534757649,1.77E-19,(2.352606564795364+0j),2.352606565,0
603,0.906421,5.532974951,1.49E-19,(2.3522276571923033+0j),2.352227657,0
604,0.904148,5.531209049,1.26E-19,(2.351852259106565+0j),2.351852259,0
605,0.901886,5.529459015,1.06E-19,(2.351480175402436+0j),2.351480175,0
606,0.899634,5.52772394,8.94E-20,(2.3511112139746206+0j),2.351111214,0
607,0.897394,5.526005225,7.56E-20,(2.3507456742722557+0j),2.350745674,0
608,0.895165,5.524301959,6.39E-20,(2.3503833642795717+0j),2.350383364,0
609,0.892947,5.522614006,5.41E-20,(2.3500242565057055+0j),2.350024257,0
610,0.89074,5.520941232,4.58E-20,(2.3496683238143534+0j),2.349668324,0
611,0.888543,5.51928275,3.88E-20,(2.3493153790802004+0j),2.349315379,0
612,0.886358,5.51763994,3.30E-20,(2.348965717148955+0j),2.348965717,0
613,0.884183,5.516011169,2.80E-20,(2.348618991842237+0j),2.348618992,0
614,0.882018,5.514396317,2.38E-20,(2.3482751791987115+0j),2.348275179,0
615,0.879864,5.51279601,2.02E-20,(2.3479344134500324+0j),2.347934413,0
616,0.87772,5.511209384,1.72E-20,(2.3475965121214077+0j),2.347596512,0
617,0.875587,5.50963706,1.47E-20,(2.3472616088435974+0j),2.347261609,0
618,0.873464,5.508078186,1.25E-20,(2.346929522923479+0j),2.346929523,0
619,0.871351,5.506532648,1.07E-20,(2.346600231841385+0j),2.346600232,0
620,0.869248,5.505000338,9.10E-21,(2.346273713345568+0j),2.346273713,0
621,0.867156,5.503481871,7.78E-21,(2.3459500998540292+0j),2.3459501,0
622,0.865073,5.501975688,6.65E-21,(2.345629060260468+0j),2.34562906,0
623,0.863001,5.50048313,5.69E-21,(2.345310881348486+0j),2.345310881,0
624,0.860938,5.499002651,4.87E-21,(2.3449952347772247+0j),2.344995235,0
625,0.858885,5.497534869,4.17E-21,(2.344682253412382+0j),2.344682253,0
626,0.856842,5.496079683,3.58E-21,(2.344371916521358+0j),2.344371917,0
627,0.854808,5.494636282,3.07E-21,(2.3440640525224756+0j),2.344064053,0
628,0.852785,5.493205987,2.64E-21,(2.343758943871731+0j),2.343758944,0
629,0.85077,5.491786581,2.27E-21,(2.343456118875033+0j),2.343456119,0
630,0.848765,5.490379384,1.95E-21,(2.3431558598854703+0j),2.34315586,0
631,0.84677,5.488984298,1.68E-21,(2.3428581473043497+0j),2.342858147,0
632,0.844784,5.487600534,1.45E-21,(2.342562813306446+0j),2.342562813,0
633,0.842808,5.486228698,1.25E-21,(2.342269988211993+0j),2.342269988,0
634,0.84084,5.484867314,1.07E-21,(2.3419793582200694+0j),2.341979358,0
635,0.838882,5.483517683,9.27E-22,(2.341691201459067+0j),2.341691201,0
636,0.836933,5.482179027,8.01E-22,(2.3414053529565892+0j),2.341405353,0
637,0.834993,5.480851263,6.92E-22,(2.3411217958554698+0j),2.341121796,0
638,0.833062,5.47953431,5.99E-22,(2.3408405134777883+0j),2.340840513,0
639,0.83114,5.478228085,5.18E-22,(2.3405614893223303+0j),2.340561489,0
640,0.829227,5.47693251,4.49E-22,(2.340284707062112+0j),2.340284707,0
641,0.827323,5.475647505,3.89E-22,(2.3400101505419455+0j),2.340010151,0
642,0.825427,5.474372319,3.37E-22,(2.3397376602971205+0j),2.33973766,0
643,0.823541,5.473108221,2.93E-22,(2.3394675079424037+0j),2.339467508,0
644,0.821663,5.471853792,2.54E-22,(2.339199391334368+0j),2.339199391,0
645,0.819793,5.470608965,2.21E-22,(2.338933296386817+0j),2.338933296,0
646,0.817932,5.469374332,1.92E-22,(2.338669350750134+0j),2.338669351,0
647,0.81608,5.46814982,1.67E-22,(2.338407539229826+0j),2.338407539,0
648,0.814236,5.466934696,1.45E-22,(2.3381477061091664+0j),2.338147706,0
649,0.812401,5.46572955,1.27E-22,(2.3378899780913693+0j),2.337889978,0
650,0.810574,5.464533656,1.10E-22,(2.3376342006609616+0j),2.337634201,0
651,0.808755,5.46334695,9.62E-23,(2.3373803605686128+0j),2.337380361,0
652,0.806945,5.462170016,8.40E-23,(2.3371285835744087+0j),2.337128584,0
653,0.805142,5.461001491,7.33E-23,(2.3368785784802175+0j),2.336878578,0
654,0.803348,5.459842606,6.41E-23,(2.3366306097443634+0j),2.33663061,0
655,0.801562,5.458692652,5.60E-23,(2.3363845257490814+0j),2.336384526,0
656,0.799784,5.457551566,4.90E-23,(2.336140313879592+0j),2.336140314,0
657,0.798014,5.456419287,4.29E-23,(2.3358979616414004+0j),2.335897962,0
658,0.796252,5.455295755,3.76E-23,(2.335657456658819+0j),2.335657457,0
659,0.794498,5.454180909,3.29E-23,(2.33541878667352+0j),2.335418787,0
660,0.792752,5.453074691,2.89E-23,(2.3351819395431126+0j),2.33518194,0
661,0.791013,5.45197641,2.53E-23,(2.334946768213995+0j),2.334946768,0
662,0.789283,5.450887273,2.23E-23,(2.334713531235982+0j),2.334713531,0
663,0.78756,5.449805962,1.95E-23,(2.3344819471619487+0j),2.334481947,0
664,0.785845,5.44873305,1.72E-23,(2.3342521393164235+0j),2.334252139,0
665,0.784137,5.447667859,1.51E-23,(2.3340239627166937+0j),2.334023963,0
666,0.782437,5.446610958,1.33E-23,(2.333797540072651+0j),2.33379754,0
667,0.780744,5.445561674,1.17E-23,(2.3335727274082334+0j),2.333572727,0
668,0.779059,5.444520574,1.03E-23,(2.333349646825404+0j),2.333349647,0
669,0.777382,5.443487604,9.09E-24,(2.3331282871398638+0j),2.333128287,0
670,0.775711,5.442461484,8.02E-24,(2.332908374449949+0j),2.332908374,0
671,0.774049,5.441444004,7.08E-24,(2.3326902931708227+0j),2.332690293,0
672,0.772393,5.440433278,6.25E-24,(2.3324736393411163+0j),2.332473639,0
673,0.770745,5.43943048,5.52E-24,(2.332258664978644+0j),2.332258665,0
674,0.769104,5.438434952,4.88E-24,(2.3320452295051326+0j),2.33204523,0
675,0.76747,5.437446648,4.31E-24,(2.3318333234466504+0j),2.331833323,0
676,0.765843,5.436465522,3.82E-24,(2.3316229374104527+0j),2.331622937,0
677,0.764223,5.435491529,3.38E-24,(2.331414062084117+0j),2.331414062,0
678,0.762611,5.434525222,2.99E-24,(2.3312068166139035+0j),2.331206817,0
679,0.761005,5.433565358,2.65E-24,(2.3310009347194094+0j),2.331000935,0
680,0.759406,5.432612493,2.35E-24,(2.3307965360733793+0j),2.330796536,0
681,0.757815,5.431667176,2.09E-24,(2.3305937389601143+0j),2.330593739,0
682,0.75623,5.430728176,1.85E-24,(2.330392279528121+0j),2.33039228,0
683,0.754652,5.429796046,1.65E-24,(2.3301922765760326+0j),2.330192277,0
684,0.753081,5.428870741,1.46E-24,(2.3299937213304713+0j),2.329993721,0
685,0.751516,5.427951635,1.30E-24,(2.329796479235188+0j),2.329796479,0
686,0.749959,5.427039858,1.16E-24,(2.329600793728148+0j),2.329600794,0
687,0.748408,5.426134199,1.03E-24,(2.3294064048883105+0j),2.329406405,0
688,0.746863,5.425234621,9.16E-25,(2.3292133052727135+0j),2.329213305,0
689,0.745326,5.424342249,8.16E-25,(2.3290217364280266+0j),2.329021736,0
690,0.743795,5.423455879,7.27E-25,(2.3288314407252577+0j),2.328831441,0
691,0.74227,5.422575478,6.48E-25,(2.3286424109054864+0j),2.328642411,0
692,0.740752,5.421701584,5.78E-25,(2.3284547632119694+0j),2.328454763,0
693,0.73924,5.420833586,5.16E-25,(2.3282683663794668+0j),2.328268366,0
694,0.737735,5.41997202,4.61E-25,(2.3280833360985045+0j),2.328083336,0
695,0.736236,5.419116277,4.12E-25,(2.327899541896979+0j),2.327899542,0
696,0.734744,5.418266893,3.68E-25,(2.327717098918887+0j),2.327717099,0
